vessel_id,ship_type,fuel_type,displacement_tons,cargo_load_pct,speed_knots,distance_nm,weather,power_kw,voyage_hours,fuel_kg,co2_kg,cost_usd
V0000,Bulk Carrier,HFO,157375.7,0.857,13.49,92.4,Stormy,43235.5,6.85,24518.39,76252.19,13485.11
V0000,Bulk Carrier,HFO,40498.2,0.786,12.25,216.9,Stormy,12920.1,17.7,27715.5,86195.2,15243.52
V0000,Bulk Carrier,HFO,90946.3,0.897,11.14,299.6,Calm,15479.5,26.9,36985.2,115023.96,20341.86
V0000,Bulk Carrier,HFO,141294.0,0.867,11.77,486.8,Stormy,26820.0,41.35,90953.19,282864.42,50024.25
V0000,Bulk Carrier,HFO,94675.4,0.847,10.22,119.4,Moderate,12646.0,11.69,11948.2,37158.89,6571.51
V0000,Bulk Carrier,HFO,72132.1,0.478,11.85,261.3,Calm,14576.7,22.05,23169.31,72056.55,12743.12
V0000,Bulk Carrier,HFO,56305.5,0.82,13.35,246.7,Moderate,19823.4,18.48,38058.03,118360.48,20931.92
V0000,Bulk Carrier,HFO,153161.6,0.809,14.02,224.4,Calm,42967.8,16.0,65631.36,204113.54,36097.25
V0000,Bulk Carrier,HFO,51985.3,0.823,10.04,404.1,Moderate,7994.1,40.26,26623.83,82800.12,14643.11
V0000,Bulk Carrier,HFO,93426.5,0.801,12.84,112.9,Calm,23698.2,8.79,24210.95,75296.06,13316.02
V0001,RoRo,MDO,32950.0,0.582,19.08,299.1,Moderate,28443.0,15.68,34290.35,110072.01,24003.24
V0001,RoRo,MDO,23101.5,0.54,15.72,233.8,Stormy,13146.9,14.88,12937.02,41527.84,9055.91
V0001,RoRo,MDO,18441.5,0.87,16.35,347.9,Moderate,12944.3,21.28,27390.64,87923.96,19173.45
V0001,RoRo,MDO,22191.6,0.454,20.51,125.1,Calm,25346.5,6.1,9507.4,30518.74,6655.18
V0001,RoRo,MDO,23856.3,0.818,15.29,275.5,Calm,11955.8,18.02,21647.31,69487.85,15153.11
V0001,RoRo,MDO,21430.6,0.453,16.41,333.6,Calm,12680.1,20.33,15326.49,49198.03,10728.54
V0001,RoRo,MDO,38856.9,0.982,21.27,364.9,Calm,46075.3,17.16,60658.57,194714.0,42461.0
V0001,RoRo,MDO,31506.7,0.942,17.59,172.5,Calm,22500.3,9.8,23218.37,74530.97,16252.86
V0001,RoRo,MDO,16070.9,0.914,16.45,310.6,Calm,11667.6,18.89,18936.17,60785.12,13255.32
V0001,RoRo,MDO,31583.9,0.79,17.46,332.3,Moderate,22178.5,19.03,27165.11,87200.02,19015.58
V0002,RoRo,HFO,24819.7,0.753,16.64,115.0,Calm,15599.9,6.91,8198.3,25496.72,4509.07
V0002,RoRo,HFO,37753.6,0.414,18.65,206.1,Moderate,27955.8,11.05,18858.08,58648.63,10371.94
V0002,RoRo,HFO,24469.1,0.694,20.26,87.2,Calm,27552.5,4.31,11909.54,37038.67,6550.25
V0002,RoRo,HFO,27151.8,0.712,17.79,170.1,Calm,20060.0,9.56,14691.75,45691.33,8080.46
V0002,RoRo,HFO,10648.4,0.732,20.61,453.3,Calm,16791.8,21.99,21360.18,66430.16,11748.1
V0002,RoRo,HFO,30167.2,0.861,16.25,346.7,Moderate,17613.2,21.34,43843.99,136354.8,24114.19
V0002,RoRo,HFO,37480.4,0.623,15.84,66.8,Moderate,17908.6,4.22,5474.39,17025.35,3010.91
V0002,RoRo,HFO,34247.5,0.709,16.54,478.8,Calm,18803.3,28.95,48473.26,150751.85,26660.3
V0002,RoRo,HFO,38081.3,0.995,15.32,70.2,Calm,17026.8,4.58,7351.77,22864.0,4043.47
V0002,RoRo,HFO,32458.2,0.59,21.13,452.1,Moderate,38302.4,21.4,78160.03,243077.7,42988.02
V0003,Tanker,MDO,127755.9,0.962,10.57,386.1,Calm,12504.2,36.53,26839.27,86154.06,18787.49
V0003,Tanker,MDO,58758.4,0.76,14.99,119.0,Calm,20375.5,7.94,10181.64,32683.06,7127.15
V0003,Tanker,MDO,110339.0,0.486,14.66,487.3,Moderate,28410.4,33.23,87017.46,279326.06,60912.22
V0003,Tanker,MDO,88155.4,0.704,10.79,354.9,Calm,9848.0,32.89,21859.85,70170.12,15301.9
V0003,Tanker,MDO,184807.1,0.843,11.2,411.9,Moderate,19320.8,36.78,60393.75,193863.94,42275.63
V0003,Tanker,MDO,59032.3,0.693,15.57,228.9,Calm,22569.8,14.71,32255.53,103540.25,22578.87
V0003,Tanker,MDO,287796.4,0.733,11.72,466.2,Calm,27934.9,39.78,98158.02,315087.24,68710.61
V0003,Tanker,MDO,54121.8,0.758,10.84,238.6,Stormy,8030.3,22.01,11894.36,38180.9,8326.05
V0003,Tanker,MDO,246199.3,0.465,12.8,403.1,Calm,30898.5,31.49,67658.73,217184.52,47361.11
V0003,Tanker,MDO,244124.7,0.921,11.4,288.8,Moderate,24906.9,25.35,95415.54,306283.87,66790.88
V0004,Container Ship,HFO,110917.6,0.549,20.52,440.4,Calm,1399387.9,21.46,1924104.07,5983963.65,1058257.24
V0004,Container Ship,HFO,171742.7,0.757,22.17,97.4,Calm,2473151.5,4.39,1070091.04,3327983.15,588550.07
V0004,Container Ship,HFO,186686.2,0.499,17.1,114.7,Stormy,1246874.7,6.71,681679.67,2120023.78,374923.82
V0004,Container Ship,HFO,59186.5,0.505,15.15,59.5,Calm,367122.9,3.93,112064.66,348521.09,61635.56
V0004,Container Ship,HFO,142317.3,0.703,20.81,227.1,Calm,1783740.7,10.92,1752479.66,5450211.75,963863.81
V0004,Container Ship,HFO,191715.0,0.55,14.43,131.7,Calm,701791.5,9.12,872837.37,2714524.21,480060.55
V0004,Container Ship,HFO,109089.9,0.461,14.49,218.1,Moderate,496774.0,15.05,921582.02,2866120.08,506870.11
V0004,Container Ship,HFO,39872.8,0.942,23.25,94.6,Moderate,1165328.9,4.07,318330.25,990007.08,175081.64
V0004,Container Ship,HFO,182384.9,0.481,21.79,339.1,Moderate,2391235.6,15.56,3133087.34,9743901.64,1723198.04
V0004,Container Ship,HFO,127702.3,0.784,22.58,258.3,Calm,2157107.7,11.44,2401409.29,7468382.89,1320775.11
V0005,Tanker,HFO,156416.3,0.62,12.5,154.7,Calm,22026.5,12.37,22487.09,69934.84,12367.9
V0005,Tanker,HFO,129352.6,0.95,14.11,183.6,Stormy,32970.5,13.01,60978.78,189644.02,33538.33
V0005,Tanker,HFO,115299.3,0.883,13.21,431.9,Moderate,23359.0,32.68,63539.02,197606.34,34946.46
V0005,Tanker,HFO,199052.3,0.817,11.73,380.7,Calm,22302.0,32.46,61951.73,192669.89,34073.45
V0005,Tanker,HFO,193954.4,0.962,10.57,376.6,Calm,16533.1,35.62,52079.72,161967.93,28643.85
V0005,Tanker,HFO,288692.1,0.877,14.81,317.2,Moderate,60531.0,21.42,89299.85,277722.52,49114.92
V0005,Tanker,HFO,94680.4,0.503,13.54,92.8,Moderate,20274.6,6.85,16960.52,52747.2,9328.28
V0005,Tanker,HFO,182418.4,0.88,12.8,285.2,Moderate,28790.7,22.29,88481.69,275178.05,48664.93
V0005,Tanker,HFO,189888.2,0.453,15.59,103.9,Calm,46737.7,6.66,30895.94,96086.38,16992.77
V0005,Tanker,HFO,140117.3,0.939,14.65,352.1,Calm,35243.7,24.04,81113.21,252262.08,44612.26
V0006,RoRo,HFO,19433.2,0.663,15.26,116.5,Stormy,11027.9,7.63,7330.9,22799.1,4031.99
V0006,RoRo,HFO,31890.6,0.688,18.42,471.3,Moderate,25665.3,25.58,59262.55,184306.54,32594.4
V0006,RoRo,HFO,39598.9,0.91,19.74,478.0,Calm,36780.6,24.21,75929.08,236139.45,41761.0
V0006,RoRo,HFO,13657.7,0.673,18.71,358.7,Calm,14626.6,19.18,16538.03,51433.26,9095.91
V0006,RoRo,HFO,18860.8,0.951,17.67,249.0,Calm,16214.2,14.1,22125.27,68809.59,12168.9
V0006,RoRo,HFO,13317.7,0.902,21.98,445.6,Calm,24494.4,20.28,53804.87,167333.13,29592.68
V0006,RoRo,HFO,39973.1,0.938,19.33,342.6,Calm,34916.7,17.73,64069.58,199256.38,35238.27
V0006,RoRo,HFO,17224.8,0.946,15.14,399.5,Calm,9601.9,26.38,26162.33,81364.84,14389.28
V0006,RoRo,HFO,11084.9,0.881,14.04,73.2,Moderate,5856.3,5.22,1858.81,5780.9,1022.35
V0006,RoRo,HFO,35482.3,0.863,14.46,410.4,Stormy,14626.2,28.39,49819.19,154937.68,27400.55
V0007,Container Ship,MDO,37628.7,0.847,16.02,106.2,Moderate,359610.2,6.63,205993.93,661240.52,144195.75
V0007,Container Ship,MDO,191714.9,0.562,15.55,380.6,Calm,880308.0,24.47,2245426.23,7207818.2,1571798.36
V0007,Container Ship,MDO,216238.9,0.425,20.12,74.5,Moderate,2078268.5,3.7,627075.85,2012913.47,438953.09
V0007,Container Ship,MDO,164819.9,0.988,15.73,91.3,Calm,902591.7,5.8,371479.77,1192450.06,260035.84
V0007,Container Ship,MDO,178975.4,0.968,20.36,307.6,Calm,2059993.1,15.1,2396294.85,7692106.47,1677406.4
V0007,Container Ship,MDO,139823.3,0.489,21.0,342.2,Stormy,1898277.7,16.29,2519119.63,8086374.0,1763383.74
V0007,Container Ship,MDO,106766.5,0.567,18.74,103.6,Calm,1043876.6,5.53,646651.85,2075752.43,452656.29
V0007,Container Ship,MDO,111301.6,0.645,20.11,335.6,Calm,1349648.6,16.69,1248062.08,4006279.27,873643.45
V0007,Container Ship,MDO,141778.2,0.684,17.17,66.2,Calm,995847.7,3.86,433638.45,1391979.43,303546.92
V0007,Container Ship,MDO,138767.0,0.791,19.66,365.9,Moderate,1568029.5,18.61,2897674.37,9301534.74,2028372.06
V0008,Container Ship,HFO,111969.5,0.842,20.26,212.3,Moderate,1503849.1,10.48,1452911.6,4518555.07,799101.38
V0008,Container Ship,HFO,205000.9,0.589,19.04,284.1,Moderate,1766270.1,14.93,1894925.37,5893217.89,1042208.95
V0008,Container Ship,HFO,123886.9,0.433,15.16,82.4,Moderate,614676.5,5.44,278919.54,867439.77,153405.75
V0008,Container Ship,HFO,93484.7,0.409,15.73,191.3,Moderate,565915.9,12.16,366116.38,1138621.96,201364.01
V0008,Container Ship,HFO,192744.1,0.472,17.72,119.1,Moderate,1331139.1,6.72,368171.07,1145012.02,202494.09
V0008,Container Ship,HFO,212101.5,0.813,23.95,397.4,Calm,3636479.9,16.59,3596198.76,11184178.14,1977909.32
V0008,Container Ship,HFO,103689.9,0.715,20.41,54.8,Calm,1366612.7,2.69,394178.31,1225894.53,216798.07
V0008,Container Ship,HFO,61522.3,0.903,22.36,495.1,Moderate,1374166.3,22.14,3895876.21,12116175.02,2142731.92
V0008,Container Ship,HFO,56903.2,0.853,18.48,226.7,Calm,700754.0,12.26,827991.42,2575053.31,455395.28
V0008,Container Ship,HFO,119172.1,0.427,15.51,131.4,Stormy,677129.7,8.47,341606.06,1062394.85,187883.33
V0009,RoRo,HFO,24705.9,0.546,18.69,272.0,Calm,21053.0,14.55,22167.58,68941.16,12192.17
V0009,RoRo,HFO,29127.7,0.435,19.19,351.6,Moderate,25769.4,18.32,32554.14,101243.38,17904.78
V0009,RoRo,HFO,26185.8,0.861,16.71,430.0,Calm,16750.3,25.74,66398.98,206500.82,36519.44
V0009,RoRo,HFO,25143.7,0.604,21.28,314.2,Stormy,35021.9,14.77,36812.42,114486.63,20246.83
V0009,RoRo,HFO,21956.6,0.603,21.34,333.9,Calm,29336.6,15.65,50216.21,156172.4,27618.91
V0009,RoRo,HFO,10744.7,0.759,21.42,251.7,Calm,19072.0,11.75,19810.83,61611.67,10895.95
V0009,RoRo,HFO,18340.7,0.772,19.62,335.2,Stormy,23108.4,17.08,49385.63,153589.32,27162.1
V0009,RoRo,HFO,32843.0,0.869,21.23,374.3,Stormy,44017.1,17.63,52637.35,163702.14,28950.54
V0009,RoRo,HFO,13423.1,0.792,19.86,248.0,Moderate,18468.4,12.49,31765.11,98789.49,17470.81
V0009,RoRo,HFO,39537.3,0.608,16.31,380.2,Moderate,20170.4,23.32,27367.37,85112.53,15052.06
V0010,Container Ship,MDO,123043.0,0.647,23.86,259.2,Stormy,2650605.9,10.87,2085042.04,6692984.94,1459529.43
V0010,Container Ship,MDO,46115.7,0.894,19.55,410.9,Stormy,800224.1,21.01,1595797.42,5122509.72,1117058.19
V0010,Container Ship,MDO,100813.4,0.828,14.49,99.2,Moderate,511138.8,6.85,331909.07,1065428.12,232336.35
V0010,Container Ship,MDO,194436.7,0.541,21.39,410.4,Calm,2301762.6,19.18,5460331.15,17527663.0,3822231.81
V0010,Container Ship,MDO,193043.8,0.418,14.05,281.6,Moderate,654671.0,20.05,961214.7,3085499.19,672850.29
V0010,Container Ship,MDO,200170.6,0.609,20.72,156.9,Stormy,2380557.2,7.58,2980475.97,9567327.87,2086333.18
V0010,Container Ship,MDO,86799.3,0.932,19.9,228.6,Calm,1178624.3,11.49,850732.32,2730850.76,595512.63
V0010,Container Ship,MDO,46114.2,0.999,17.42,372.9,Moderate,546407.3,21.41,1032079.69,3312975.81,722455.78
V0010,Container Ship,MDO,107509.0,0.821,15.37,308.7,Stormy,672621.7,20.09,721306.84,2315394.97,504914.79
V0010,Container Ship,MDO,104550.1,0.619,23.15,273.6,Calm,1964053.0,11.82,1462206.36,4693682.41,1023544.45
V0011,Bulk Carrier,HFO,22827.0,0.652,12.27,335.5,Calm,7810.9,27.35,12302.19,38259.82,6766.21
V0011,Bulk Carrier,HFO,140314.1,0.541,12.7,178.0,Stormy,31230.0,14.01,25712.77,79966.72,14142.02
V0011,Bulk Carrier,HFO,165450.4,0.792,12.65,384.0,Moderate,34383.4,30.36,77823.44,242030.88,42802.89
V0011,Bulk Carrier,HFO,58619.5,0.57,11.61,119.9,Stormy,13417.9,10.33,13937.14,43344.52,7665.43
V0011,Bulk Carrier,HFO,146715.9,0.997,13.92,247.3,Calm,42432.0,17.77,59119.52,183861.72,32515.74
V0011,Bulk Carrier,HFO,150342.2,0.737,14.51,404.4,Calm,46311.4,27.87,172505.01,536490.59,94877.76
V0011,Bulk Carrier,HFO,124467.5,0.422,14.78,280.7,Calm,40093.0,19.0,37830.81,117653.81,20806.94
V0011,Bulk Carrier,HFO,36480.4,0.673,10.21,160.7,Calm,6177.2,15.75,8303.17,25822.85,4566.74
V0011,Bulk Carrier,HFO,70011.2,0.436,10.25,100.2,Calm,9163.8,9.77,6229.41,19373.47,3426.18
V0011,Bulk Carrier,HFO,53123.3,0.401,11.51,227.4,Calm,10688.6,19.75,22868.13,71119.87,12577.47
V0012,Tanker,HFO,164746.0,0.868,12.94,199.9,Calm,26668.2,15.45,28313.28,88054.29,15572.3
V0012,Tanker,HFO,96595.8,0.81,11.93,159.1,Calm,14489.5,13.33,25569.46,79521.02,14063.2
V0012,Tanker,HFO,115952.3,0.827,15.58,71.9,Calm,36553.4,4.61,15405.77,47911.95,8473.17
V0012,Tanker,HFO,38027.9,0.513,10.83,463.5,Calm,5441.9,42.8,25938.23,80667.9,14266.03
V0012,Tanker,HFO,55423.1,0.754,13.72,158.7,Moderate,15622.0,11.57,9954.97,30959.97,5475.24
V0012,Tanker,HFO,26303.9,0.864,15.12,328.6,Calm,12518.5,21.73,19342.38,60154.82,10638.31
V0012,Tanker,HFO,94922.5,0.991,15.51,254.5,Moderate,33949.1,16.41,67659.86,210422.16,37212.92
V0012,Tanker,HFO,248618.8,0.53,11.91,409.6,Moderate,26429.8,34.39,96753.34,300902.9,53214.34
V0012,Tanker,HFO,112349.8,0.411,10.47,63.4,Calm,9879.9,6.06,4651.57,14466.38,2558.36
V0012,Tanker,HFO,224425.4,0.934,14.25,382.4,Calm,44379.9,26.84,153103.81,476152.84,84207.09
V0013,LNG Carrier,HFO,70060.3,0.995,18.16,127.8,Moderate,47151.9,7.04,29471.68,91656.93,16209.42
V0013,LNG Carrier,HFO,61160.6,0.938,19.96,313.1,Calm,54362.3,15.69,77651.02,241494.68,42708.06
V0013,LNG Carrier,HFO,97534.0,0.757,17.73,172.9,Calm,50081.9,9.75,50314.17,156477.08,27672.8
V0013,LNG Carrier,HFO,106453.5,0.539,19.02,58.2,Moderate,64885.4,3.06,23419.02,72833.15,12880.46
V0013,LNG Carrier,HFO,77756.5,0.807,17.66,299.1,Calm,43035.9,16.93,92124.1,286505.94,50668.25
V0013,LNG Carrier,HFO,99685.6,0.709,18.55,492.5,Calm,57590.9,26.55,130469.8,405761.09,71758.39
V0013,LNG Carrier,HFO,115722.0,0.934,17.12,233.6,Calm,52450.9,13.64,57917.22,180122.54,31854.47
V0013,LNG Carrier,HFO,107780.7,0.52,14.9,482.7,Calm,30098.7,32.4,64587.89,200868.34,35523.34
V0013,LNG Carrier,HFO,92886.1,0.71,18.4,445.3,Calm,53640.3,24.2,160961.75,500591.05,88528.96
V0013,LNG Carrier,HFO,111179.5,0.942,18.7,306.5,Calm,66630.3,16.39,80573.32,250583.03,44315.33
V0014,LNG Carrier,HFO,74307.8,0.626,18.46,60.4,Stormy,50403.8,3.27,23584.93,73349.13,12971.71
V0014,LNG Carrier,HFO,122130.0,0.749,16.37,193.6,Moderate,47516.9,11.83,41969.83,130526.17,23083.41
V0014,LNG Carrier,HFO,102124.2,0.626,19.61,260.4,Calm,67906.9,13.28,87351.93,271664.5,48043.56
V0014,LNG Carrier,HFO,69177.6,0.973,14.98,358.1,Calm,25113.8,23.91,41694.52,129669.95,22931.99
V0014,LNG Carrier,HFO,66924.7,0.521,18.52,446.5,Calm,42120.9,24.11,64117.71,199406.08,35264.74
V0014,LNG Carrier,HFO,96540.9,0.689,16.81,166.7,Calm,41768.6,9.92,45145.44,140402.32,24829.99
V0014,LNG Carrier,HFO,105676.3,0.577,16.97,99.8,Calm,44527.5,5.88,22931.57,71317.18,12612.36
V0014,LNG Carrier,HFO,121369.8,0.972,19.41,493.1,Stormy,87446.3,25.4,149797.31,465869.65,82388.52
V0014,LNG Carrier,HFO,69645.5,0.907,15.83,298.8,Calm,29373.8,18.88,40057.61,124579.18,22031.69
V0014,LNG Carrier,HFO,97965.5,0.911,14.99,164.0,Calm,31366.3,10.94,25828.13,80325.47,14205.47
V0015,RoRo,MDO,18881.0,0.863,16.97,232.2,Moderate,14684.7,13.68,25762.71,82698.29,18033.9
V0015,RoRo,MDO,38246.2,0.559,14.97,453.3,Calm,14501.4,30.29,27870.66,89464.81,19509.46
V0015,RoRo,MDO,15384.8,0.826,17.31,252.4,Calm,12968.2,14.58,21645.12,69480.82,15151.58
V0015,RoRo,MDO,36237.3,0.547,16.71,288.9,Calm,19437.2,17.28,26042.68,83597.0,18229.88
V0015,RoRo,MDO,38200.6,0.694,21.1,399.8,Moderate,43571.8,18.94,66544.65,213608.34,46581.26
V0015,RoRo,MDO,26097.0,0.971,17.48,109.3,Calm,19564.7,6.25,14030.68,45038.48,9821.48
V0015,RoRo,MDO,38596.2,0.552,15.31,299.5,Calm,15592.7,19.56,32964.42,105815.79,23075.09
V0015,RoRo,MDO,13568.6,0.679,21.33,194.7,Moderate,22501.9,9.13,18686.37,59983.26,13080.46
V0015,RoRo,MDO,25956.6,0.845,15.5,494.9,Moderate,13775.6,31.93,23528.93,75527.85,16470.25
V0015,RoRo,MDO,14586.3,0.605,21.37,203.6,Calm,22430.1,9.53,15860.98,50913.75,11102.69
V0016,RoRo,MDO,33809.1,0.783,15.7,465.7,Calm,16197.7,29.67,40139.84,128848.88,28097.89
V0016,RoRo,MDO,39801.1,0.477,16.25,77.9,Calm,18697.0,4.8,7016.84,22524.07,4911.79
V0016,RoRo,MDO,28968.5,0.836,17.14,464.8,Calm,19252.6,27.11,58914.2,189114.57,41239.94
V0016,RoRo,MDO,29798.5,0.606,18.8,262.8,Stormy,27055.2,13.98,33875.27,108739.62,23712.69
V0016,RoRo,MDO,30342.8,0.935,20.77,68.1,Calm,36039.7,3.28,9200.28,29532.89,6440.19
V0016,RoRo,MDO,29799.9,0.843,16.42,476.4,Calm,17265.2,29.01,41026.04,131693.59,28718.23
V0016,RoRo,MDO,26854.6,0.652,19.76,279.0,Stormy,29618.8,14.12,34716.17,111438.91,24301.32
V0016,RoRo,MDO,20270.9,0.455,17.27,248.0,Calm,14233.0,14.37,20573.84,66042.02,14401.69
V0016,RoRo,MDO,29665.5,0.519,19.3,58.9,Calm,26029.0,3.05,5866.33,18830.93,4106.43
V0016,RoRo,MDO,35818.9,0.565,15.97,350.5,Calm,16904.7,21.94,28614.86,91853.7,20030.4
V0017,RoRo,HFO,30242.1,0.821,21.28,141.1,Moderate,39300.8,6.63,21304.4,66256.68,11717.42
V0017,RoRo,HFO,28301.8,0.986,16.04,331.5,Calm,16015.0,20.66,31421.57,97721.07,17281.86
V0017,RoRo,HFO,30562.8,0.766,14.19,230.0,Stormy,12252.9,16.22,15433.19,47997.23,8488.26
V0017,RoRo,HFO,38078.1,0.694,20.83,195.0,Moderate,41814.5,9.36,36187.24,112542.31,19902.98
V0017,RoRo,HFO,20023.3,0.906,15.95,460.7,Stormy,13539.2,28.88,39496.62,122834.5,21723.14
V0017,RoRo,HFO,32349.7,0.674,20.12,393.2,Calm,32336.7,19.54,83890.94,260900.82,46140.02
V0017,RoRo,HFO,29344.6,0.646,16.31,166.0,Moderate,16703.9,10.18,22456.47,69839.63,12351.06
V0017,RoRo,HFO,34481.7,0.602,20.88,125.5,Calm,37145.2,6.01,22647.08,70432.41,12455.89
V0017,RoRo,HFO,35175.2,0.634,15.11,398.5,Calm,14350.6,26.38,22371.77,69576.21,12304.47
V0017,RoRo,HFO,15777.7,0.96,15.23,240.3,Moderate,9608.8,15.77,19925.51,61968.34,10959.03
V0018,RoRo,HFO,33722.1,0.467,16.17,448.2,Moderate,17106.2,27.73,28398.25,88318.55,15619.04
V0018,RoRo,HFO,15290.7,0.812,17.39,298.5,Moderate,13576.1,17.17,21997.27,68411.52,12098.5
V0018,RoRo,HFO,39761.3,0.837,22.0,282.4,Calm,50231.0,12.84,75057.23,233427.98,41281.48
V0018,RoRo,HFO,19549.8,0.803,17.69,241.1,Calm,16163.3,13.63,14843.13,46162.15,8163.72
V0018,RoRo,HFO,33623.9,0.593,20.66,419.6,Calm,35275.1,20.31,95492.2,296980.76,52520.71
V0018,RoRo,HFO,34041.7,0.927,17.93,451.9,Calm,24999.3,25.2,76485.15,237868.81,42066.83
V0018,RoRo,HFO,14605.8,0.4,18.27,80.4,Calm,13378.5,4.4,4346.0,13516.07,2390.3
V0018,RoRo,HFO,33238.7,0.501,14.28,343.5,Moderate,11769.9,24.06,23895.06,74313.64,13142.28
V0018,RoRo,HFO,35824.0,0.456,20.58,292.5,Moderate,36677.1,14.21,44909.35,139668.07,24700.14
V0018,RoRo,HFO,32133.9,0.85,16.06,388.5,Moderate,17692.1,24.19,60645.29,188606.86,33354.91
V0019,Bulk Carrier,HFO,55070.3,0.452,11.04,388.2,Calm,9784.0,35.15,27969.31,86984.56,15383.12
V0019,Bulk Carrier,HFO,48055.4,0.482,14.12,229.3,Stormy,20682.2,16.25,26074.95,81093.09,14341.22
V0019,Bulk Carrier,HFO,91796.7,0.924,11.96,443.8,Stormy,21367.4,37.09,49060.1,152576.91,26983.06
V0019,Bulk Carrier,HFO,55327.7,0.74,13.28,180.1,Moderate,18963.4,13.56,18438.8,57344.67,10141.34
V0019,Bulk Carrier,HFO,152567.5,0.761,13.55,62.0,Calm,38281.1,4.57,9517.87,29600.56,5234.83
V0019,Bulk Carrier,HFO,61629.5,0.737,12.09,391.1,Moderate,15376.4,32.34,46541.06,144742.69,25597.58
V0019,Bulk Carrier,HFO,63311.5,0.806,12.61,191.6,Moderate,18012.7,15.2,29117.94,90556.8,16014.87
V0019,Bulk Carrier,HFO,20170.8,0.503,11.06,452.5,Moderate,5301.1,40.91,18805.28,58484.42,10342.9
V0019,Bulk Carrier,HFO,95193.0,0.529,12.38,471.0,Calm,20230.3,38.04,116225.0,361459.76,63923.75
V0019,Bulk Carrier,HFO,51277.8,0.524,13.4,146.3,Calm,16953.6,10.92,14658.84,45588.98,8062.36
V0020,Tanker,HFO,261577.5,0.614,11.92,212.3,Calm,26885.2,17.81,46616.35,144976.85,25638.99
V0020,Tanker,HFO,192883.4,0.46,11.23,449.8,Stormy,19473.1,40.04,48775.06,151690.45,26826.29
V0020,Tanker,HFO,56714.8,0.853,13.72,104.9,Stormy,17120.8,7.65,16564.57,51515.82,9110.51
V0020,Tanker,HFO,169666.6,0.594,15.98,69.9,Calm,48288.8,4.37,16320.8,50757.67,8976.44
V0020,Tanker,HFO,183636.8,0.699,14.84,126.7,Stormy,45882.7,8.54,36064.2,112159.66,19835.31
V0020,Tanker,HFO,134319.4,0.516,13.51,107.6,Calm,24515.1,7.97,26479.17,82350.23,14563.55
V0020,Tanker,HFO,263189.8,0.659,13.54,211.4,Calm,39903.4,15.62,57104.23,177594.15,31407.33
V0020,Tanker,HFO,279861.6,0.671,15.6,226.2,Calm,63760.4,14.5,124195.25,386247.24,68307.39
V0020,Tanker,HFO,151999.9,0.607,13.95,299.5,Calm,29958.8,21.46,57287.85,178165.22,31508.32
V0020,Tanker,HFO,51025.9,0.529,11.0,375.4,Calm,6957.0,34.14,18995.24,59075.19,10447.38
V0021,Bulk Carrier,MDO,61187.6,0.801,14.13,467.4,Moderate,24772.0,33.07,103623.52,332631.51,72536.47
V0021,Bulk Carrier,MDO,171283.2,0.403,11.96,465.8,Moderate,27245.0,38.93,76337.17,245042.31,53436.02
V0021,Bulk Carrier,MDO,128867.0,0.911,12.81,61.9,Moderate,31030.5,4.83,7430.95,23853.35,5201.67
V0021,Bulk Carrier,MDO,94521.2,0.927,10.03,404.0,Calm,11668.3,40.29,67263.43,215915.6,47084.4
V0021,Bulk Carrier,MDO,110412.5,0.698,11.35,122.3,Moderate,18601.4,10.77,18080.01,58036.82,12656.0
V0021,Bulk Carrier,MDO,174466.6,0.757,14.82,435.0,Calm,54663.2,29.36,137227.97,440501.8,96059.58
V0021,Bulk Carrier,MDO,79914.2,0.739,10.51,414.9,Calm,11530.4,39.5,19946.08,64026.93,13962.26
V0021,Bulk Carrier,MDO,117153.8,0.471,12.12,216.5,Calm,21527.5,17.86,40075.62,128642.75,28052.94
V0021,Bulk Carrier,MDO,154034.7,0.414,11.42,186.7,Stormy,23437.3,16.35,35671.41,114505.23,24969.99
V0021,Bulk Carrier,MDO,94188.1,0.626,13.45,123.5,Moderate,27391.9,9.18,14038.59,45063.87,9827.01
V0022,Bulk Carrier,HFO,103560.1,0.606,11.07,112.8,Calm,15579.0,10.19,10759.02,33460.57,5917.46
V0022,Bulk Carrier,HFO,171571.2,0.448,12.02,414.0,Stormy,29629.2,34.43,109230.96,339708.28,60077.03
V0022,Bulk Carrier,HFO,159425.5,0.422,13.17,243.1,Calm,33487.0,18.45,48397.34,150515.73,26618.54
V0022,Bulk Carrier,HFO,178966.9,0.581,14.79,68.2,Moderate,55338.5,4.61,22301.73,69358.38,12265.95
V0022,Bulk Carrier,HFO,27218.4,0.436,14.68,426.9,Calm,14316.4,29.08,62084.82,193083.8,34146.65
V0022,Bulk Carrier,HFO,44921.2,0.638,12.67,462.1,Moderate,14028.9,36.46,41662.09,129569.1,22914.15
V0022,Bulk Carrier,HFO,30098.7,0.572,14.84,189.8,Calm,16342.6,12.79,13966.59,43436.08,7681.62
V0022,Bulk Carrier,HFO,35085.8,0.986,14.34,368.5,Moderate,18535.7,25.71,47719.81,148408.6,26245.89
V0022,Bulk Carrier,HFO,170941.2,0.726,10.63,408.1,Moderate,20595.0,38.37,76814.36,238892.65,42247.9
V0022,Bulk Carrier,HFO,175488.6,0.632,13.52,267.3,Calm,40590.8,19.77,45468.31,141406.45,25007.57
V0023,Bulk Carrier,HFO,34360.5,0.958,10.39,400.9,Calm,6648.4,38.6,34113.68,106093.55,18762.53
V0023,Bulk Carrier,HFO,25628.2,0.531,10.79,142.6,Stormy,6141.1,13.22,6963.37,21656.08,3829.85
V0023,Bulk Carrier,HFO,169788.3,0.492,14.89,156.4,Calm,51273.9,10.5,42571.94,132398.74,23414.57
V0023,Bulk Carrier,HFO,51219.9,0.776,12.84,460.6,Moderate,16416.5,35.86,60677.54,188707.14,33372.65
V0023,Bulk Carrier,HFO,148093.4,0.609,13.09,438.9,Stormy,35958.1,33.53,86648.07,269475.49,47656.44
V0023,Bulk Carrier,HFO,56148.6,0.862,12.19,475.6,Calm,14614.0,39.02,48555.02,151006.11,26705.26
V0023,Bulk Carrier,HFO,49249.4,0.661,11.6,343.9,Moderate,11503.7,29.64,39135.92,121712.7,21524.75
V0023,Bulk Carrier,HFO,135505.1,0.464,10.84,471.5,Calm,16944.0,43.48,43055.2,133901.68,23680.36
V0023,Bulk Carrier,HFO,103127.9,0.692,12.54,246.5,Stormy,25314.0,19.66,60200.21,187222.66,33110.12
V0023,Bulk Carrier,HFO,87482.6,0.783,10.33,316.8,Calm,11768.5,30.66,35056.77,109026.56,19281.23
V0024,Tanker,HFO,271607.7,0.789,12.85,77.1,Moderate,37329.6,6.0,18167.36,56500.5,9992.05
V0024,Tanker,HFO,142746.7,0.609,13.83,435.3,Moderate,29091.9,31.48,90578.78,281699.99,49818.33
V0024,Tanker,HFO,209759.9,0.887,15.76,216.9,Calm,56897.9,13.76,71216.67,221483.84,39169.17
V0024,Tanker,HFO,227557.6,0.479,12.76,147.0,Moderate,30258.3,11.52,42220.44,131305.58,23221.24
V0024,Tanker,HFO,197376.9,0.466,14.48,452.6,Calm,38601.7,31.25,73897.41,229820.94,40643.57
V0024,Tanker,HFO,67466.3,0.93,11.19,181.1,Moderate,10012.9,16.19,15917.35,49502.96,8754.54
V0024,Tanker,HFO,219743.3,0.488,11.05,211.0,Calm,18515.6,19.09,33347.47,103710.64,18341.11
V0024,Tanker,HFO,109791.6,0.442,10.76,297.6,Moderate,11079.7,27.65,20600.53,64067.66,11330.29
V0024,Tanker,HFO,240108.1,0.892,14.49,416.8,Calm,48387.6,28.77,106234.71,330389.96,58429.09
V0024,Tanker,HFO,124222.9,0.545,11.06,260.4,Calm,12850.7,23.55,26923.32,83731.51,14807.82
V0025,LNG Carrier,HFO,79096.3,0.622,14.79,247.5,Calm,24511.8,16.74,23682.29,73651.93,13025.26
V0025,LNG Carrier,HFO,113420.9,0.92,19.58,274.1,Moderate,80278.0,14.0,72360.87,225042.3,39798.48
V0025,LNG Carrier,HFO,102946.2,0.677,19.34,458.9,Moderate,68839.3,23.73,201725.31,627365.72,110948.92
V0025,LNG Carrier,HFO,61106.4,0.741,16.86,272.4,Calm,31437.8,16.16,59232.18,184212.08,32577.7
V0025,LNG Carrier,HFO,118562.9,0.909,14.65,151.3,Moderate,34565.7,10.33,25133.88,78166.38,13823.64
V0025,LNG Carrier,HFO,121103.8,0.561,19.34,191.5,Calm,71867.7,9.9,91785.52,285452.96,50482.04
V0025,LNG Carrier,HFO,125716.4,0.502,16.07,300.7,Calm,41681.2,18.71,46410.74,144337.4,25525.91
V0025,LNG Carrier,HFO,64056.2,0.809,19.7,231.3,Moderate,54545.3,11.74,47561.68,147916.81,26158.92
V0025,LNG Carrier,HFO,72282.4,0.484,18.87,169.1,Stormy,51149.5,8.96,33253.67,103418.9,18289.52
V0025,LNG Carrier,HFO,117013.2,0.559,15.41,174.3,Stormy,39082.1,11.31,48230.24,149996.06,26526.63
V0026,LNG Carrier,HFO,114305.4,0.528,18.63,220.2,Moderate,63812.4,11.82,68420.34,212787.27,37631.19
V0026,LNG Carrier,HFO,99981.7,0.711,19.96,67.4,Calm,71972.0,3.38,25282.88,78629.75,13905.58
V0026,LNG Carrier,HFO,66232.9,0.513,16.37,386.2,Calm,28836.6,23.59,47202.16,146798.72,25961.19
V0026,LNG Carrier,HFO,88703.4,0.814,16.88,437.8,Moderate,42681.6,25.94,110110.46,342443.53,60560.75
V0026,LNG Carrier,HFO,88829.0,0.838,16.42,465.5,Calm,38024.7,28.35,95622.31,297385.39,52592.27
V0026,LNG Carrier,HFO,66845.2,0.678,16.81,140.3,Calm,32607.6,8.34,28001.12,87083.49,15400.62
V0026,LNG Carrier,HFO,115724.2,0.564,19.45,411.2,Calm,70937.9,21.15,133504.43,415198.79,73427.44
V0026,LNG Carrier,HFO,69452.7,0.908,19.66,230.9,Calm,56228.9,11.74,64739.71,201340.51,35606.84
V0026,LNG Carrier,HFO,62458.2,0.527,14.97,337.7,Moderate,22125.0,22.55,47250.0,146947.51,25987.5
V0026,LNG Carrier,HFO,119569.8,0.92,19.09,152.4,Calm,74107.1,7.99,38596.43,120034.9,21228.04
V0027,Tanker,MDO,233990.9,0.837,10.77,401.4,Stormy,21244.4,37.27,86321.42,277091.75,60424.99
V0027,Tanker,MDO,266086.5,0.85,13.16,385.1,Moderate,40074.5,29.26,87522.04,280945.76,61265.43
V0027,Tanker,MDO,57407.1,0.75,11.43,276.3,Moderate,9236.1,24.17,17955.81,57638.15,12569.07
V0027,Tanker,MDO,241395.1,0.807,15.48,161.0,Moderate,60497.1,10.4,49848.93,160015.05,34894.25
V0027,Tanker,MDO,76845.8,0.951,14.77,482.3,Moderate,25255.0,32.65,130549.22,419063.0,91384.45
V0027,Tanker,MDO,121813.9,0.456,13.83,263.3,Stormy,26729.3,19.04,45513.55,146098.48,31859.48
V0027,Tanker,MDO,265773.2,0.988,11.7,404.5,Calm,27836.5,34.56,84054.69,269815.54,58838.28
V0027,Tanker,MDO,107863.1,0.795,14.62,201.6,Moderate,29726.3,13.79,28526.74,91570.83,19968.72
V0027,Tanker,MDO,31724.0,0.697,11.32,370.4,Moderate,5974.9,32.71,13919.68,44682.18,9743.78
V0027,Tanker,MDO,120775.9,0.967,15.19,63.9,Calm,35819.6,4.21,11031.01,35409.55,7721.71
V0028,Container Ship,HFO,194655.7,0.719,21.46,448.6,Calm,2420053.7,20.9,4025776.11,12520163.69,2214176.86
V0028,Container Ship,HFO,76683.0,0.826,16.31,62.2,Stormy,642291.5,3.82,228989.75,712158.11,125944.36
V0028,Container Ship,HFO,171359.0,0.784,19.32,264.3,Calm,1643973.2,13.68,2653139.18,8251262.86,1459226.55
V0028,Container Ship,HFO,198731.2,0.485,22.12,207.3,Moderate,2648655.5,9.37,1710134.98,5318519.78,940574.24
V0028,Container Ship,HFO,201549.6,0.527,23.22,199.5,Calm,3004123.6,8.59,3062533.18,9524478.2,1684393.25
V0028,Container Ship,HFO,52821.0,0.48,14.71,495.4,Calm,309547.5,33.67,731822.65,2275968.43,402502.46
V0028,Container Ship,HFO,140245.6,0.783,21.74,333.9,Stormy,2256493.8,15.36,2947031.85,9165269.05,1620867.52
V0028,Container Ship,HFO,165422.4,0.502,18.47,205.7,Calm,1318587.8,11.14,1064386.62,3310242.4,585412.64
V0028,Container Ship,HFO,79533.7,0.598,15.54,160.9,Moderate,511760.0,10.35,569366.11,1770728.6,313151.36
V0028,Container Ship,HFO,192717.8,0.53,14.78,394.3,Calm,752155.9,26.68,1472089.87,4578199.51,809649.43
V0029,RoRo,LNG,18850.6,0.773,18.55,180.4,Moderate,18798.9,9.73,23955.07,65876.44,14373.04
V0029,RoRo,LNG,28706.4,0.81,15.08,362.1,Moderate,13472.8,24.01,17619.16,48452.7,10571.5
V0029,RoRo,LNG,23405.2,0.665,17.27,89.0,Calm,16460.0,5.15,12824.18,35266.5,7694.51
V0029,RoRo,LNG,17111.9,0.684,20.64,295.6,Moderate,23799.4,14.32,38508.74,105899.03,23105.24
V0029,RoRo,LNG,28591.6,0.761,21.42,271.3,Moderate,38127.4,12.66,51146.24,140652.16,30687.74
V0029,RoRo,LNG,12155.5,0.696,18.13,266.7,Stormy,13613.8,14.71,19867.1,54634.53,11920.26
V0029,RoRo,LNG,38866.0,0.457,17.6,131.4,Calm,23299.0,7.46,12494.68,34360.36,7496.81
V0029,RoRo,LNG,22958.4,0.742,20.15,380.1,Calm,26258.1,18.86,34285.47,94285.05,20571.28
V0029,RoRo,LNG,38232.3,0.785,15.34,332.0,Calm,16415.0,21.64,22957.98,63134.46,13774.79
V0029,RoRo,LNG,32789.3,0.854,15.85,457.6,Moderate,17236.5,28.88,46187.15,127014.66,27712.29
V0030,Container Ship,HFO,84509.6,0.996,16.5,168.3,Moderate,695550.9,10.2,816521.72,2539382.56,449086.95
V0030,Container Ship,HFO,130086.9,0.522,20.39,437.0,Stormy,1669567.4,21.43,3817620.39,11872799.41,2099691.21
V0030,Container Ship,HFO,188239.0,0.991,17.03,247.9,Stormy,1377589.0,14.56,1699938.92,5286810.05,934966.41
V0030,Container Ship,HFO,181705.2,0.736,16.69,194.4,Moderate,1135374.1,11.65,1217961.9,3787861.52,669879.05
V0030,Container Ship,HFO,150967.4,0.598,18.08,387.1,Calm,1189826.1,21.41,2299135.26,7150310.66,1264524.39
V0030,Container Ship,HFO,65855.3,0.856,22.51,250.8,Calm,1395265.8,11.15,1041772.36,3239912.04,572974.8
V0030,Container Ship,HFO,34019.6,0.565,17.16,129.7,Moderate,388833.2,7.55,315669.18,981731.14,173618.05
V0030,Container Ship,HFO,40437.6,0.493,19.82,59.8,Moderate,660458.4,3.02,123994.02,385621.41,68196.71
V0030,Container Ship,HFO,114490.7,0.936,18.43,82.3,Moderate,1171185.4,4.47,490739.42,1526199.61,269906.68
V0030,Container Ship,HFO,63934.8,0.522,23.04,297.3,Calm,1363346.1,12.9,1364976.49,4245076.88,750737.07
V0031,LNG Carrier,MDO,101959.9,0.686,19.72,272.3,Calm,69875.1,13.81,118529.74,380480.47,82970.82
V0031,LNG Carrier,MDO,75709.1,0.411,14.28,208.5,Moderate,21215.1,14.6,15374.62,49352.53,10762.24
V0031,LNG Carrier,MDO,105080.7,0.827,17.66,399.5,Moderate,54925.3,22.62,137267.9,440629.96,96087.53
V0031,LNG Carrier,MDO,93251.6,0.534,17.62,160.5,Calm,45384.1,9.11,23143.0,74289.04,16200.1
V0031,LNG Carrier,MDO,88975.1,0.521,15.06,421.0,Stormy,30114.8,27.95,83219.84,267135.68,58253.89
V0031,LNG Carrier,MDO,61250.3,0.858,19.55,478.4,Calm,50297.2,24.47,91658.01,294222.21,64160.61
V0031,LNG Carrier,MDO,123413.2,0.91,19.82,297.6,Calm,84572.8,15.01,146582.07,470528.44,102607.45
V0031,LNG Carrier,MDO,103031.6,0.844,16.5,307.3,Calm,42673.2,18.62,50194.42,161124.08,35136.09
V0031,LNG Carrier,MDO,111084.7,0.587,19.09,262.6,Moderate,68321.0,13.75,67919.05,218020.15,47543.34
V0031,LNG Carrier,MDO,111318.7,0.678,16.21,128.7,Calm,41114.9,7.94,21901.45,70303.66,15331.02
V0032,Tanker,HFO,261379.3,0.771,12.27,433.3,Calm,30314.9,35.31,68818.73,214026.27,37850.3
V0032,Tanker,HFO,95920.9,0.453,14.16,494.3,Calm,22214.2,34.91,57230.6,177987.17,31476.83
V0032,Tanker,HFO,118427.4,0.571,10.43,263.9,Moderate,10921.3,25.31,15562.68,48399.92,8559.47
V0032,Tanker,HFO,257567.3,0.972,13.12,429.2,Calm,38275.9,32.71,104490.48,324965.39,57469.76
V0032,Tanker,HFO,56872.2,0.492,15.31,270.2,Calm,20011.3,17.65,26179.63,81418.64,14398.79
V0032,Tanker,HFO,38027.4,0.649,11.72,112.9,Calm,7114.8,9.63,5796.48,18027.06,3188.06
V0032,Tanker,HFO,101900.0,0.791,10.19,326.5,Calm,9313.4,32.03,16288.14,50656.12,8958.48
V0032,Tanker,HFO,28788.8,0.886,11.49,255.4,Calm,5861.0,22.23,11823.96,36772.5,6503.18
V0032,Tanker,HFO,170871.3,0.607,13.56,59.8,Moderate,30925.3,4.41,9924.19,30864.24,5458.31
V0032,Tanker,HFO,52579.0,0.761,14.7,474.1,Calm,17848.9,32.26,53034.2,164936.36,29168.81
V0033,RoRo,HFO,33626.7,0.425,19.06,468.1,Stormy,29302.6,24.56,54333.49,168977.16,29883.42
V0033,RoRo,HFO,26409.6,0.41,15.17,201.3,Stormy,12540.5,13.27,11168.46,34733.91,6142.65
V0033,RoRo,HFO,35279.6,0.685,16.59,265.9,Stormy,21192.2,16.03,30486.29,94812.35,16767.46
V0033,RoRo,HFO,38362.5,0.654,16.13,276.8,Calm,18580.6,17.17,32554.99,101246.01,17905.24
V0033,RoRo,HFO,25072.4,0.916,21.77,166.5,Moderate,37857.3,7.65,17666.7,54943.44,9716.68
V0033,RoRo,HFO,18384.6,0.986,20.84,225.5,Moderate,27410.8,10.82,23423.97,72848.54,12883.18
V0033,RoRo,HFO,19042.0,0.808,14.25,226.3,Calm,8308.0,15.88,15451.15,48053.07,8498.13
V0033,RoRo,HFO,30244.4,0.83,16.11,209.8,Calm,16416.0,13.03,15734.33,48933.76,8653.88
V0033,RoRo,HFO,20839.0,0.94,20.82,307.4,Calm,28295.3,14.76,27949.68,86923.5,15372.32
V0033,RoRo,HFO,11169.4,0.848,17.96,105.8,Calm,11751.6,5.89,6319.02,19652.15,3475.46
V0034,Container Ship,LNG,145241.1,0.605,21.1,371.1,Stormy,2030319.9,17.59,2762692.85,7597405.33,1657615.71
V0034,Container Ship,LNG,128641.8,0.408,19.33,130.1,Moderate,1299650.3,6.73,724207.29,1991570.04,434524.37
V0034,Container Ship,LNG,80269.1,0.564,14.4,98.7,Calm,390905.4,6.86,195894.8,538710.69,117536.88
V0034,Container Ship,LNG,66658.9,0.597,17.79,223.3,Calm,656234.9,12.56,660603.77,1816660.36,396362.26
V0034,Container Ship,LNG,34788.9,0.957,16.02,390.5,Stormy,369476.9,24.37,632286.34,1738787.44,379371.8
V0034,Container Ship,LNG,131046.5,0.907,17.15,398.3,Moderate,1025956.1,23.23,1776656.76,4885806.09,1065994.06
V0034,Container Ship,LNG,112526.4,0.958,21.67,412.9,Calm,1817729.2,19.05,1547178.66,4254741.32,928307.2
V0034,Container Ship,LNG,218911.1,0.421,21.7,92.0,Moderate,2627774.0,4.24,744786.52,2048162.93,446871.91
V0034,Container Ship,LNG,181852.4,0.566,20.02,435.6,Calm,1815275.6,21.75,3151840.32,8667560.88,1891104.19
V0034,Container Ship,LNG,38067.0,0.655,18.48,169.3,Calm,513530.1,9.16,344436.65,947200.79,206661.99
V0035,LNG Carrier,HFO,122562.0,0.651,16.56,197.5,Moderate,48239.5,11.93,52729.04,163987.32,29000.97
V0035,LNG Carrier,HFO,95187.6,0.648,14.91,208.4,Moderate,29759.0,13.97,49624.26,154331.45,27293.34
V0035,LNG Carrier,HFO,77970.5,0.903,19.82,403.1,Stormy,68339.9,20.34,114019.56,354600.84,62710.76
V0035,LNG Carrier,HFO,96852.2,0.558,15.02,418.2,Moderate,30148.1,27.84,69205.1,215227.86,38062.81
V0035,LNG Carrier,HFO,68063.0,0.759,17.38,374.5,Calm,37145.6,21.54,92218.37,286799.13,50720.1
V0035,LNG Carrier,HFO,64726.9,0.471,17.07,166.4,Moderate,33167.4,9.74,21894.67,68092.44,12042.07
V0035,LNG Carrier,HFO,122631.0,0.831,15.12,195.5,Moderate,38193.2,12.93,36524.94,113592.56,20088.72
V0035,LNG Carrier,HFO,70940.4,0.924,14.62,499.9,Calm,23540.9,34.18,85600.19,266216.6,47080.11
V0035,LNG Carrier,HFO,124565.0,0.968,14.53,101.3,Stormy,37273.2,6.97,19882.75,61835.35,10935.51
V0035,LNG Carrier,HFO,84861.5,0.939,16.71,237.3,Calm,39727.6,14.2,51453.15,160019.28,28299.23
V0036,Tanker,HFO,35656.6,0.456,13.92,202.6,Moderate,11367.7,14.55,11424.15,35529.1,6283.28
V0036,Tanker,HFO,230841.5,0.621,15.26,111.4,Calm,51920.4,7.3,39442.84,122667.24,21693.56
V0036,Tanker,HFO,106638.8,0.632,10.36,216.0,Calm,9746.9,20.84,11199.59,34830.74,6159.78
V0036,Tanker,HFO,97021.5,0.72,13.76,224.7,Calm,21852.8,16.33,30643.89,95302.5,16854.14
V0036,Tanker,HFO,129188.7,0.946,13.53,484.8,Moderate,27383.1,35.84,99155.56,308373.78,54535.56
V0036,Tanker,HFO,41147.6,0.675,12.57,364.2,Stormy,10249.1,28.97,42728.58,132885.88,23500.72
V0036,Tanker,HFO,179552.5,0.834,10.76,388.2,Moderate,16776.0,36.08,36800.57,114449.78,20240.31
V0036,Tanker,HFO,197960.7,0.921,13.67,389.6,Moderate,37429.1,28.49,102086.88,317490.19,56147.78
V0036,Tanker,HFO,177952.3,0.652,11.3,437.2,Moderate,18559.5,38.69,48630.94,151242.22,26747.02
V0036,Tanker,HFO,118231.5,0.933,14.22,142.0,Calm,28784.1,9.98,25249.01,78524.42,13886.95
V0037,RoRo,HFO,18769.3,0.585,21.78,368.7,Moderate,29083.3,16.93,50465.38,156947.33,27755.96
V0037,RoRo,HFO,11185.7,0.838,19.83,69.4,Calm,15801.5,3.5,3787.54,11779.24,2083.14
V0037,RoRo,HFO,32695.1,0.595,17.77,268.7,Calm,22061.4,15.12,32770.08,101914.94,18023.54
V0037,RoRo,HFO,22934.5,0.447,18.79,454.2,Stormy,21855.5,24.18,49321.24,153389.05,27126.68
V0037,RoRo,HFO,15421.2,0.858,16.82,179.4,Calm,11994.2,10.67,7071.46,21992.25,3889.31
V0037,RoRo,HFO,37577.4,0.448,14.26,80.1,Calm,12083.5,5.62,6319.57,19653.86,3475.76
V0037,RoRo,HFO,39580.9,0.699,15.67,139.2,Moderate,18287.9,8.88,20249.26,62975.18,11137.09
V0037,RoRo,HFO,21302.1,0.814,20.61,112.4,Calm,27144.7,5.45,16008.43,49786.21,8804.64
V0037,RoRo,HFO,21087.1,0.441,18.54,81.1,Calm,18041.1,4.37,9757.41,30345.56,5366.58
V0037,RoRo,HFO,18641.8,0.901,19.79,79.9,Stormy,24616.9,4.04,7821.48,24324.79,4301.81
V0038,Container Ship,HFO,192189.7,0.877,16.35,296.7,Calm,1096938.1,18.15,2987002.18,9289576.79,1642851.2
V0038,Container Ship,HFO,125125.6,0.431,23.89,117.6,Moderate,2421092.0,4.92,1538900.41,4785980.28,846395.23
V0038,Container Ship,HFO,198403.6,0.651,20.65,358.3,Calm,2151907.8,17.35,6061570.11,18851483.04,3333863.56
V0038,Container Ship,HFO,129074.2,0.551,18.62,197.1,Calm,1157770.9,10.58,587846.4,1828202.3,323315.52
V0038,Container Ship,HFO,58488.9,0.816,22.72,321.0,Calm,1315704.2,14.13,1318209.76,4099632.37,725015.37
V0038,Container Ship,HFO,75131.8,0.857,15.51,53.9,Calm,498449.7,3.47,323646.09,1006539.33,178005.35
V0038,Container Ship,HFO,38527.3,0.854,21.48,82.3,Moderate,882254.5,3.83,176930.17,550252.82,97311.59
V0038,Container Ship,HFO,32077.6,0.514,19.95,496.1,Calm,558039.0,24.86,1856395.61,5773390.36,1021017.59
V0038,Container Ship,HFO,135498.6,0.936,19.96,406.5,Moderate,1666003.2,20.36,2232847.36,6944155.3,1228066.05
V0038,Container Ship,HFO,76980.7,0.959,19.56,183.8,Calm,1038197.5,9.4,1329279.1,4134058.01,731103.51
V0039,Bulk Carrier,LNG,86706.0,0.542,12.69,269.2,Calm,20518.9,21.22,28296.83,77816.27,16978.1
V0039,Bulk Carrier,LNG,30779.9,0.859,14.66,105.7,Calm,17008.3,7.21,13451.46,36991.52,8070.88
V0039,Bulk Carrier,LNG,164044.5,0.779,13.63,80.9,Moderate,42655.2,5.93,17813.64,48987.52,10688.19
V0039,Bulk Carrier,LNG,152511.7,0.818,13.59,313.8,Calm,39080.1,23.09,55236.94,151901.59,33142.17
V0039,Bulk Carrier,LNG,114003.5,0.999,13.32,246.7,Moderate,32710.6,18.52,52551.48,144516.57,31530.89
V0039,Bulk Carrier,LNG,52384.8,0.429,12.7,266.6,Moderate,14885.2,21.0,21441.47,58964.04,12864.88
V0039,Bulk Carrier,LNG,113276.5,0.785,12.93,345.8,Moderate,28467.8,26.75,45611.18,125430.74,27366.71
V0039,Bulk Carrier,LNG,119961.7,0.564,12.69,322.8,Calm,25608.2,25.44,42716.7,117470.94,25630.02
V0039,Bulk Carrier,LNG,159678.0,0.533,13.4,90.7,Moderate,37656.2,6.77,12545.56,34500.29,7527.34
V0039,Bulk Carrier,LNG,152390.5,0.668,12.97,316.1,Calm,32829.8,24.38,31173.36,85726.73,18704.01
V0040,Bulk Carrier,HFO,78917.2,0.624,10.25,114.4,Calm,10360.0,11.15,8931.21,27776.06,4912.16
V0040,Bulk Carrier,HFO,100824.5,0.889,11.17,97.6,Calm,16726.7,8.73,13507.65,42008.8,7429.21
V0040,Bulk Carrier,HFO,143600.9,0.975,14.01,99.9,Moderate,44203.6,7.13,30498.36,94849.89,16774.1
V0040,Bulk Carrier,HFO,28151.1,0.731,14.62,447.6,Moderate,16083.6,30.63,53892.46,167605.54,29640.85
V0040,Bulk Carrier,HFO,151112.1,0.97,12.49,65.2,Moderate,32368.7,5.22,18886.92,58738.32,10387.81
V0040,Bulk Carrier,HFO,64351.7,0.719,10.27,473.2,Stormy,10203.4,46.09,43334.82,134771.28,23834.15
V0040,Bulk Carrier,HFO,94016.0,0.54,12.1,103.8,Calm,18770.8,8.58,10242.78,31855.05,5633.53
V0040,Bulk Carrier,HFO,43333.2,0.498,11.13,296.9,Calm,8642.9,26.67,29408.63,91460.85,16174.75
V0040,Bulk Carrier,HFO,78894.9,0.948,13.13,460.5,Calm,23326.1,35.07,85900.0,267148.98,47245.0
V0040,Bulk Carrier,HFO,152654.0,0.814,13.16,329.1,Moderate,36853.0,25.01,77045.86,239612.62,42375.22
V0041,RoRo,LNG,27568.1,0.706,20.25,219.8,Calm,29862.3,10.85,24002.42,66006.67,14401.45
V0041,RoRo,LNG,23109.7,0.625,16.72,162.4,Moderate,15255.9,9.72,13234.75,36395.57,7940.85
V0041,RoRo,LNG,15187.8,0.7,16.56,182.3,Moderate,11390.3,11.01,8742.26,24041.22,5245.36
V0041,RoRo,LNG,38500.1,0.557,16.28,361.7,Calm,18752.1,22.22,39150.1,107662.77,23490.06
V0041,RoRo,LNG,10929.8,0.71,18.94,355.2,Moderate,13725.6,18.75,23537.82,64728.99,14122.69
V0041,RoRo,LNG,21882.0,0.997,14.33,95.0,Moderate,10026.4,6.63,4943.61,13594.94,2966.17
V0041,RoRo,LNG,26727.5,0.772,20.01,422.0,Moderate,29761.2,21.09,42703.3,117434.08,25621.98
V0041,RoRo,LNG,35769.0,0.902,14.98,466.8,Calm,14983.4,31.16,55416.36,152394.98,33249.81
V0041,RoRo,LNG,15838.8,0.5,14.03,250.4,Calm,6549.6,17.84,11394.1,31333.77,6836.46
V0041,RoRo,LNG,22071.1,0.475,20.14,451.9,Moderate,24988.2,22.44,32083.93,88230.81,19250.36
V0042,RoRo,HFO,22205.7,0.8,21.54,477.8,Calm,31748.4,22.18,78028.1,242667.39,42915.46
V0042,RoRo,HFO,32603.8,0.54,14.25,114.9,Moderate,11661.0,8.06,9651.53,30016.27,5308.34
V0042,RoRo,HFO,20536.7,0.864,21.09,418.7,Calm,28679.7,19.85,46341.66,144122.56,25487.91
V0042,RoRo,HFO,24827.8,0.941,15.58,437.4,Moderate,13859.6,28.07,35447.77,110242.55,19496.27
V0042,RoRo,HFO,38787.9,0.653,15.83,469.3,Moderate,18398.0,29.65,55142.2,171492.25,30328.21
V0042,RoRo,HFO,20278.1,0.698,16.31,158.6,Calm,12685.2,9.72,11651.47,36236.07,6408.31
V0042,RoRo,HFO,28904.6,0.526,18.17,242.9,Calm,21362.2,13.37,36923.1,114830.84,20307.71
V0042,RoRo,HFO,15951.5,0.918,19.73,392.0,Moderate,20867.0,19.86,48505.85,150853.2,26678.22
V0042,RoRo,HFO,36448.5,0.908,19.84,409.4,Moderate,36691.2,20.64,120517.96,374810.85,66284.88
V0042,RoRo,HFO,22604.9,0.956,20.51,385.1,Calm,28652.6,18.77,52219.87,162403.78,28720.93
V0043,LNG Carrier,MDO,67416.0,0.636,15.35,428.3,Calm,24762.5,27.89,79499.01,255191.82,55649.31
V0043,LNG Carrier,MDO,94412.7,0.745,18.83,452.8,Calm,58594.9,24.04,76463.46,245447.69,53524.42
V0043,LNG Carrier,MDO,102999.7,0.749,16.68,229.4,Calm,43196.8,13.75,49973.8,160415.9,34981.66
V0043,LNG Carrier,MDO,93050.1,0.88,18.91,385.5,Calm,60408.4,20.39,155841.86,500252.39,109089.31
V0043,LNG Carrier,MDO,70744.5,0.543,17.5,178.4,Moderate,38517.1,10.2,26687.67,85667.43,18681.37
V0043,LNG Carrier,MDO,77858.7,0.925,17.07,476.9,Calm,39821.5,27.94,126761.47,406904.32,88733.03
V0043,LNG Carrier,MDO,121239.6,0.636,15.0,418.8,Calm,34104.0,27.93,95707.62,307221.45,66995.33
V0043,LNG Carrier,MDO,108212.7,0.826,17.2,224.5,Moderate,51680.1,13.06,83360.64,267587.66,58352.45
V0043,LNG Carrier,MDO,122473.9,0.983,15.38,126.7,Moderate,41474.1,8.24,21785.39,69931.1,15249.77
V0043,LNG Carrier,MDO,77476.9,0.702,14.84,437.3,Calm,24871.2,29.47,52939.7,169936.42,37057.79
V0044,Tanker,MDO,165879.5,0.501,14.84,209.9,Calm,37314.8,14.14,30502.08,97911.69,21351.46
V0044,Tanker,MDO,240795.0,0.402,10.82,227.1,Stormy,19899.1,20.98,29609.48,95046.42,20726.63
V0044,Tanker,MDO,177636.6,0.509,12.0,172.4,Calm,20695.0,14.36,27598.54,88591.33,19318.98
V0044,Tanker,MDO,219341.4,0.505,13.45,91.9,Moderate,34822.2,6.83,18917.16,60724.08,13242.01
V0044,Tanker,MDO,124155.4,0.698,14.7,142.8,Calm,31219.9,9.72,24010.24,77072.87,16807.17
V0044,Tanker,MDO,86956.8,0.929,14.34,426.8,Calm,24041.2,29.76,54761.52,175784.48,38333.06
V0044,Tanker,MDO,264163.2,0.792,14.19,353.4,Moderate,49341.4,24.9,82505.87,264843.85,57754.11
V0044,Tanker,MDO,52643.6,0.667,11.89,82.6,Stormy,10205.4,6.94,5703.69,18308.83,3992.58
V0044,Tanker,MDO,256308.0,0.932,15.95,122.8,Moderate,70661.9,7.7,55286.65,177470.15,38700.66
V0044,Tanker,MDO,232374.9,0.556,12.13,341.9,Moderate,26839.7,28.19,66569.31,213687.48,46598.52
V0045,Bulk Carrier,HFO,36531.7,0.815,13.19,208.1,Calm,13762.8,15.78,16748.2,52086.89,9211.51
V0045,Bulk Carrier,HFO,106266.9,0.445,14.67,223.4,Moderate,36963.8,15.23,37196.41,115680.82,20458.02
V0045,Bulk Carrier,HFO,178151.6,0.612,14.23,310.8,Moderate,49480.3,21.84,75796.13,235725.96,41687.87
V0045,Bulk Carrier,HFO,143263.3,0.758,14.99,271.6,Calm,49645.1,18.12,64996.52,202139.17,35748.09
V0045,Bulk Carrier,HFO,59162.4,0.499,11.64,379.0,Calm,12172.1,32.55,34118.15,106107.46,18764.98
V0045,Bulk Carrier,HFO,159718.4,0.735,13.47,68.0,Calm,38514.0,5.05,18029.53,56071.83,9916.24
V0045,Bulk Carrier,HFO,115476.2,0.807,12.17,465.5,Calm,23269.3,38.24,100812.22,313526.0,55446.72
V0045,Bulk Carrier,HFO,172937.7,0.532,14.9,382.6,Calm,52581.1,25.67,101141.07,314548.72,55627.59
V0045,Bulk Carrier,HFO,137816.7,0.896,11.11,253.0,Calm,20274.1,22.78,48395.16,150508.96,26617.34
V0045,Bulk Carrier,HFO,122906.8,0.427,13.25,171.7,Calm,28698.6,12.96,29616.79,92108.21,16289.23
V0046,Container Ship,HFO,76617.7,0.439,16.09,314.5,Calm,514119.4,19.54,927074.39,2883201.35,509890.91
V0046,Container Ship,HFO,101529.2,0.593,17.8,244.1,Moderate,905057.5,13.71,1085307.49,3375306.29,596919.12
V0046,Container Ship,HFO,208513.5,0.675,20.61,244.3,Moderate,2310905.1,11.85,2858013.95,8888423.37,1571907.67
V0046,Container Ship,HFO,129803.8,0.474,17.18,96.9,Calm,895905.2,5.64,573021.67,1782097.38,315161.92
V0046,Container Ship,HFO,135817.4,0.675,23.31,66.3,Moderate,2511703.0,2.84,692066.92,2152328.13,380636.81
V0046,Container Ship,HFO,77414.2,0.641,15.18,147.6,Calm,455687.6,9.72,346145.21,1076511.6,190379.86
V0046,Container Ship,HFO,30188.1,0.597,15.62,92.1,Moderate,272581.5,5.9,180738.2,562095.8,99406.01
V0046,Container Ship,HFO,72146.4,0.476,14.24,473.6,Calm,345366.5,33.25,1002392.87,3117441.83,551316.08
V0046,Container Ship,HFO,216442.5,0.453,20.18,324.6,Stormy,2234482.7,16.09,4191781.46,13036440.35,2305479.81
V0046,Container Ship,HFO,68762.5,0.959,20.23,239.0,Calm,1065527.9,11.82,1204230.94,3745158.21,662327.01
V0047,Tanker,LNG,129259.4,0.954,13.89,485.6,Calm,28591.1,34.95,60370.09,166017.75,36222.05
V0047,Tanker,LNG,218709.1,0.674,10.9,290.0,Moderate,19191.0,26.62,35305.95,97091.36,21183.57
V0047,Tanker,LNG,92132.7,1.0,15.13,65.5,Moderate,30909.8,4.33,9484.6,26082.64,5690.76
V0047,Tanker,LNG,69287.6,0.81,14.04,77.0,Moderate,19679.6,5.48,6316.53,17370.47,3789.92
V0047,Tanker,LNG,125425.8,0.738,14.18,317.4,Calm,28501.1,22.38,46715.64,128468.01,28029.38
V0047,Tanker,LNG,208379.2,0.547,12.83,194.7,Calm,28354.9,15.18,31953.26,87871.46,19171.95
V0047,Tanker,LNG,296322.1,0.57,11.33,416.7,Calm,24854.5,36.76,71313.82,196112.99,42788.29
V0047,Tanker,LNG,114211.6,0.492,14.79,481.0,Stormy,31589.1,32.52,84655.77,232803.37,50793.46
V0047,Tanker,LNG,65685.4,0.494,15.48,283.0,Calm,22783.4,18.28,29258.33,80460.41,17555.0
V0047,Tanker,LNG,93185.4,0.46,15.48,408.8,Stormy,31413.0,26.4,77314.4,212614.61,46388.64
V0048,Bulk Carrier,HFO,71272.8,0.681,11.42,308.2,Calm,13543.0,27.0,29538.27,91864.03,16246.05
V0048,Bulk Carrier,HFO,40509.1,0.792,14.65,277.6,Moderate,20926.9,18.94,31390.53,97624.56,17264.79
V0048,Bulk Carrier,HFO,134581.0,0.46,14.38,326.1,Calm,39247.0,22.69,121476.4,377791.61,66812.02
V0048,Bulk Carrier,HFO,30616.4,0.496,11.21,77.3,Moderate,7268.6,6.9,3225.2,10030.38,1773.86
V0048,Bulk Carrier,HFO,146538.4,0.738,14.11,189.3,Moderate,43513.5,13.42,36784.52,114399.87,20231.49
V0048,Bulk Carrier,HFO,124818.2,0.898,11.05,490.7,Calm,18682.4,44.4,61162.89,190216.58,33639.59
V0048,Bulk Carrier,HFO,59176.8,0.754,13.73,88.0,Moderate,21975.7,6.41,19564.46,60845.46,10760.45
V0048,Bulk Carrier,HFO,32720.9,0.857,13.75,181.8,Stormy,16096.2,13.22,29216.45,90863.15,16069.04
V0048,Bulk Carrier,HFO,64577.0,0.596,13.54,476.7,Calm,20768.7,35.19,60858.64,189270.38,33472.25
V0048,Bulk Carrier,HFO,138773.2,0.485,12.37,306.8,Calm,25682.8,24.8,60187.67,187183.65,33103.22
V0049,Container Ship,MDO,144459.2,0.552,17.78,405.5,Calm,1086670.6,22.8,1369458.58,4395962.05,958621.01
V0049,Container Ship,MDO,217219.3,0.511,21.06,328.0,Calm,2347630.1,15.57,3039435.54,9756588.07,2127604.87
V0049,Container Ship,MDO,102146.7,0.85,23.24,394.1,Calm,2056963.0,16.96,2061995.32,6619004.99,1443396.73
V0049,Container Ship,MDO,117586.4,0.932,20.43,463.4,Calm,1559563.5,22.69,4485717.72,14399153.9,3140002.41
V0049,Container Ship,MDO,153205.2,0.77,21.83,326.6,Calm,2195265.6,14.96,2927242.87,9396449.6,2049070.01
V0049,Container Ship,MDO,70958.4,0.547,16.7,319.0,Calm,559740.8,19.1,887551.42,2849040.07,621286.0
V0049,Container Ship,MDO,101045.1,0.839,18.46,234.4,Calm,1020848.6,12.7,1356573.07,4354599.54,949601.15
V0049,Container Ship,MDO,33088.9,0.921,23.64,417.1,Moderate,1077546.7,17.64,1494410.04,4797056.24,1046087.03
V0049,Container Ship,MDO,94123.0,0.533,20.11,324.0,Calm,1176409.1,16.11,2979083.18,9562857.01,2085358.23
V0049,Container Ship,MDO,155269.7,0.523,21.81,392.4,Calm,2090168.6,17.99,2684325.72,8616685.55,1879028.0
V0050,RoRo,LNG,36244.7,0.679,21.33,432.6,Stormy,45781.9,20.28,74345.33,204449.66,44607.2
V0050,RoRo,LNG,12506.9,0.972,17.12,166.0,Calm,11268.8,9.69,5494.4,15109.61,3296.64
V0050,RoRo,LNG,38781.4,0.599,20.09,338.4,Moderate,37147.9,16.85,49518.48,136175.81,29711.09
V0050,RoRo,LNG,15600.8,0.827,21.5,185.8,Calm,25095.8,8.64,15320.37,42131.02,9192.22
V0050,RoRo,LNG,23539.0,0.562,19.06,121.8,Moderate,22561.2,6.39,9403.79,25860.43,5642.28
V0050,RoRo,LNG,14865.4,0.514,16.66,199.1,Calm,10544.2,11.95,7088.78,19494.14,4253.27
V0050,RoRo,LNG,26252.2,0.656,15.03,360.0,Stormy,12857.4,23.95,19561.38,53793.8,11736.83
V0050,RoRo,LNG,12949.5,0.906,14.34,374.6,Moderate,6957.2,26.12,13684.87,37633.4,8210.92
V0050,RoRo,LNG,33307.2,0.998,17.01,186.5,Calm,21346.3,10.96,13478.92,37067.03,8087.35
V0050,RoRo,LNG,34810.2,0.915,19.12,380.8,Moderate,31898.2,19.92,36484.29,100331.8,21890.57
V0051,Tanker,HFO,189595.3,0.599,12.12,105.7,Calm,22728.7,8.72,18949.74,58933.69,10422.36
V0051,Tanker,HFO,40651.1,0.979,15.5,190.4,Stormy,20286.1,12.29,23369.84,72680.19,12853.41
V0051,Tanker,HFO,221604.2,0.513,13.6,360.8,Calm,34943.4,26.52,135067.94,420061.29,74287.37
V0051,Tanker,HFO,191136.9,0.991,15.92,352.4,Moderate,58505.9,22.14,89135.04,277209.96,49024.27
V0051,Tanker,HFO,36049.9,0.704,15.2,214.1,Calm,15171.6,14.08,23493.51,73064.81,12921.43
V0051,Tanker,HFO,95765.9,0.448,12.95,128.2,Calm,16959.9,9.9,23152.17,72003.26,12733.69
V0051,Tanker,HFO,262620.5,0.416,10.86,179.7,Calm,19448.1,16.55,23305.64,72480.53,12818.1
V0051,Tanker,HFO,217478.6,0.456,13.89,224.6,Moderate,37662.2,16.17,58453.11,181789.17,32149.21
V0051,Tanker,HFO,281243.5,0.79,14.57,465.2,Stormy,58859.4,31.93,201805.92,627616.4,110993.25
V0051,Tanker,HFO,139593.6,0.457,10.02,78.2,Calm,10128.8,7.8,9930.05,30882.46,5461.53
V0052,Bulk Carrier,MDO,114434.1,0.408,10.73,386.6,Calm,14475.0,36.02,47019.23,150931.74,32913.46
V0052,Bulk Carrier,MDO,72896.1,0.817,11.37,415.3,Moderate,14546.4,36.53,47714.34,153163.05,33400.04
V0052,Bulk Carrier,MDO,149253.4,0.69,13.39,137.7,Moderate,37223.9,10.29,26295.72,84409.27,18407.01
V0052,Bulk Carrier,MDO,37939.7,0.48,12.59,95.0,Calm,11392.7,7.54,8369.2,26865.13,5858.44
V0052,Bulk Carrier,MDO,65578.4,0.738,11.78,194.9,Stormy,15655.1,16.55,18551.58,59550.57,12986.11
V0052,Bulk Carrier,MDO,67988.0,0.881,10.57,300.3,Calm,10880.9,28.4,26324.09,84500.33,18426.86
V0052,Bulk Carrier,MDO,95611.8,0.693,14.86,298.9,Calm,36391.1,20.12,68230.3,219019.26,47761.21
V0052,Bulk Carrier,MDO,148640.2,0.426,10.51,188.9,Moderate,16891.2,17.98,17845.35,57283.58,12491.75
V0052,Bulk Carrier,MDO,131378.6,0.537,10.36,264.7,Calm,14716.1,25.55,25518.82,81915.4,17863.17
V0052,Bulk Carrier,MDO,142145.8,0.757,14.76,113.1,Stormy,51819.5,7.66,31700.65,101759.1,22190.46
V0053,RoRo,MDO,31123.6,0.594,20.56,267.6,Moderate,34358.9,13.01,42220.88,135529.04,29554.62
V0053,RoRo,MDO,29939.2,0.514,14.27,174.0,Calm,10567.2,12.2,10985.22,35262.57,7689.66
V0053,RoRo,MDO,28854.3,0.612,17.37,90.6,Calm,19015.4,5.22,5905.4,18956.32,4133.78
V0053,RoRo,MDO,27370.8,0.854,17.93,269.1,Stormy,23428.0,15.01,19118.41,61370.09,13382.89
V0053,RoRo,MDO,24376.7,0.554,14.21,474.1,Calm,9187.2,33.36,30400.64,97586.05,21280.45
V0053,RoRo,MDO,11856.6,0.96,14.2,319.8,Calm,6193.4,22.52,10345.03,33207.55,7241.52
V0053,RoRo,MDO,26381.6,0.842,18.93,181.4,Calm,24400.5,9.58,26439.88,84872.02,18507.92
V0053,RoRo,MDO,12566.7,0.825,16.49,55.6,Calm,9795.4,3.37,2228.88,7154.71,1560.22
V0053,RoRo,MDO,28129.2,0.704,20.77,232.9,Moderate,33965.6,11.21,22155.64,71119.6,15508.95
V0053,RoRo,MDO,38324.4,0.62,16.2,61.8,Calm,18678.7,3.81,4765.79,15298.18,3336.05
V0054,Container Ship,MDO,85544.3,0.495,19.21,203.1,Moderate,991316.6,10.57,427571.0,1372502.92,299299.7
V0054,Container Ship,MDO,125569.1,0.864,20.72,408.0,Moderate,1744175.8,19.69,2763095.32,8869535.97,1934166.72
V0054,Container Ship,MDO,36244.9,0.697,15.16,67.4,Calm,276918.6,4.45,84812.58,272248.37,59368.8
V0054,Container Ship,MDO,136513.9,0.591,18.81,355.1,Moderate,1299267.7,18.88,1700947.93,5460042.86,1190663.55
V0054,Container Ship,MDO,141178.1,0.816,19.96,191.6,Calm,1606116.0,9.6,1227241.42,3939444.96,859068.99
V0054,Container Ship,MDO,55659.7,0.913,18.41,451.7,Calm,690990.4,24.54,1606395.72,5156530.25,1124477.0
V0054,Container Ship,MDO,126377.2,0.673,18.24,54.6,Stormy,1213827.6,2.99,392188.46,1258924.95,274531.92
V0054,Container Ship,MDO,84481.3,0.522,22.66,465.1,Moderate,1625024.7,20.52,2154087.8,6914621.84,1507861.46
V0054,Container Ship,MDO,134305.8,0.483,23.45,247.7,Calm,2335250.5,10.56,2771473.73,8896430.66,1940031.61
V0054,Container Ship,MDO,215080.8,0.445,14.28,383.2,Stormy,787863.8,26.83,1166153.24,3743351.91,816307.27
V0055,Tanker,MDO,203189.9,0.944,10.41,425.5,Moderate,16895.2,40.86,59197.88,190025.18,41438.51
V0055,Tanker,MDO,248439.6,0.46,13.1,163.3,Moderate,34543.4,12.47,32692.92,104944.29,22885.05
V0055,Tanker,MDO,61843.7,0.539,13.07,74.5,Calm,13302.7,5.7,4158.8,13349.76,2911.16
V0055,Tanker,MDO,241366.3,0.605,10.34,432.6,Stormy,18267.8,41.82,60583.16,194471.95,42408.21
V0055,Tanker,MDO,135718.6,0.927,10.93,287.9,Calm,14286.3,26.35,35464.78,113841.96,24825.35
V0055,Tanker,MDO,250943.6,0.549,13.38,300.9,Stormy,40010.5,22.5,105839.14,339743.64,74087.4
V0055,Tanker,MDO,179533.8,0.758,11.97,195.1,Calm,21866.4,16.29,31792.17,102052.88,22254.52
V0055,Tanker,MDO,76661.1,0.602,10.24,214.0,Stormy,8250.4,20.89,15740.86,50528.15,11018.6
V0055,Tanker,MDO,233050.4,0.736,11.97,419.7,Moderate,26903.8,35.07,79373.16,254787.84,55561.21
V0055,Tanker,MDO,34650.0,0.941,15.95,402.0,Stormy,19719.5,25.21,44493.08,142822.8,31145.16
V0056,Bulk Carrier,HFO,146329.3,0.876,10.03,179.7,Moderate,16098.3,17.91,17236.95,53606.91,9480.32
V0056,Bulk Carrier,HFO,68201.0,0.668,11.55,485.0,Calm,13581.4,41.99,59875.73,186213.52,32931.65
V0056,Bulk Carrier,HFO,85520.4,0.945,12.76,244.6,Moderate,23497.0,19.16,45019.8,140011.59,24760.89
V0056,Bulk Carrier,HFO,110287.4,0.738,12.21,367.4,Moderate,23336.7,30.08,76206.89,237003.42,41913.79
V0056,Bulk Carrier,HFO,139956.7,0.699,13.38,385.8,Calm,34327.3,28.83,59218.95,184170.94,32570.42
V0056,Bulk Carrier,HFO,20396.5,0.89,14.28,324.5,Calm,12030.6,22.73,18375.94,57149.17,10106.77
V0056,Bulk Carrier,HFO,141327.9,0.742,11.96,434.4,Calm,24901.3,36.32,81568.77,253678.88,44862.83
V0056,Bulk Carrier,HFO,123179.7,0.886,13.59,305.2,Calm,34369.5,22.46,76809.52,238877.62,42245.24
V0056,Bulk Carrier,HFO,64491.8,0.983,14.8,368.3,Stormy,32316.3,24.89,66163.67,205769.01,36390.02
V0056,Bulk Carrier,HFO,140859.4,0.859,13.05,127.5,Moderate,34389.6,9.77,28055.13,87251.46,15430.32
V0057,RoRo,MDO,13289.7,0.465,17.05,277.7,Calm,10365.0,16.29,13050.36,41891.67,9135.25
V0057,RoRo,MDO,35128.5,0.684,17.88,71.9,Calm,24019.8,4.02,9813.27,31500.61,6869.29
V0057,RoRo,MDO,31153.8,0.493,20.36,152.7,Moderate,32629.9,7.5,16086.25,51636.87,11260.38
V0057,RoRo,MDO,36663.9,0.598,18.35,448.6,Calm,26238.4,24.45,37554.54,120550.08,26288.18
V0057,RoRo,MDO,24402.4,0.918,21.98,101.5,Stormy,40506.3,4.62,20191.81,64815.7,14134.27
V0057,RoRo,MDO,20321.1,0.699,18.15,181.6,Moderate,18226.8,10.0,18062.71,57981.31,12643.9
V0057,RoRo,MDO,28680.7,0.943,18.11,370.0,Moderate,23990.4,20.42,52243.32,167701.07,36570.33
V0057,RoRo,MDO,39200.5,0.902,20.5,437.3,Calm,40822.7,21.34,78763.98,252832.36,55134.78
V0057,RoRo,MDO,32858.4,0.593,15.12,188.2,Calm,13633.7,12.44,15243.13,48930.44,10670.19
V0057,RoRo,MDO,34603.1,0.859,16.05,385.4,Calm,17886.2,24.01,42354.09,135956.64,29647.86
V0058,RoRo,MDO,37454.2,0.868,20.41,225.7,Calm,38791.4,11.06,40712.14,130685.96,28498.5
V0058,RoRo,MDO,34116.5,0.427,16.62,412.7,Calm,17856.3,24.82,49645.73,159362.78,34752.01
V0058,RoRo,MDO,36083.7,0.572,21.06,478.1,Calm,39011.3,22.7,73477.81,235863.78,51434.47
V0058,RoRo,MDO,25036.3,0.486,15.76,471.0,Calm,12554.5,29.88,20812.73,66808.88,14568.91
V0058,RoRo,MDO,15968.7,0.769,15.81,345.2,Calm,10002.0,21.84,17880.12,57395.18,12516.08
V0058,RoRo,MDO,28076.7,0.592,19.56,214.5,Calm,26538.0,10.97,17246.11,55360.02,12072.28
V0058,RoRo,MDO,28654.3,0.801,16.22,252.9,Moderate,16712.9,15.59,24110.16,77393.62,16877.11
V0058,RoRo,MDO,36554.9,0.464,19.38,339.2,Calm,29883.6,17.5,58173.22,186736.03,40721.25
V0058,RoRo,MDO,27965.8,0.893,17.33,315.1,Calm,19645.6,18.18,19207.27,61655.34,13445.09
V0058,RoRo,MDO,34136.4,0.89,18.28,174.5,Calm,26313.1,9.55,17026.88,54656.3,11918.82
V0059,Tanker,HFO,232866.4,0.916,12.1,225.2,Calm,27752.6,18.61,56178.12,174713.96,30897.97
V0059,Tanker,HFO,82803.0,0.45,11.86,141.4,Calm,11816.9,11.93,13963.03,43425.03,7679.67
V0059,Tanker,HFO,139689.5,0.945,15.28,75.8,Calm,39964.3,4.96,18740.16,58281.9,10307.09
V0059,Tanker,HFO,211849.0,0.477,11.44,238.9,Calm,20006.4,20.88,36987.18,115030.14,20342.95
V0059,Tanker,HFO,183350.9,0.608,12.16,324.9,Calm,22471.1,26.72,46767.27,145446.2,25722.0
V0059,Tanker,HFO,266536.6,0.432,11.93,307.2,Calm,26153.4,25.74,117016.61,363921.65,64359.13
V0059,Tanker,HFO,72026.0,0.457,12.55,269.2,Calm,12807.8,21.44,46791.0,145520.01,25735.05
V0059,Tanker,HFO,286878.6,0.76,13.69,221.6,Calm,44711.2,16.19,95981.58,298502.71,52789.87
V0059,Tanker,HFO,174199.6,0.428,14.51,240.6,Calm,35400.3,16.58,46742.89,145370.38,25708.59
V0059,Tanker,HFO,143257.3,0.811,15.3,159.8,Moderate,41292.3,10.45,32259.63,100327.46,17742.8
V0060,Bulk Carrier,HFO,127214.9,0.855,12.2,380.4,Stormy,27728.4,31.19,132753.94,412864.77,73014.67
V0060,Bulk Carrier,HFO,140697.8,0.881,14.26,424.6,Moderate,45077.9,29.77,165390.41,514364.19,90964.73
V0060,Bulk Carrier,HFO,96033.2,0.659,13.19,281.7,Stormy,27889.2,21.36,76283.26,237240.95,41955.8
V0060,Bulk Carrier,HFO,147896.7,0.854,14.81,162.0,Moderate,51897.9,10.94,43070.48,133949.19,23688.76
V0060,Bulk Carrier,HFO,165104.4,0.985,12.87,310.6,Calm,36183.5,24.14,79690.03,247835.98,43829.51
V0060,Bulk Carrier,HFO,135957.8,0.513,13.98,248.5,Calm,36797.8,17.78,64548.94,200747.19,35501.92
V0060,Bulk Carrier,HFO,101721.0,0.926,10.45,372.7,Calm,13867.9,35.66,49494.91,153929.16,27222.2
V0060,Bulk Carrier,HFO,52043.3,0.851,10.42,280.2,Calm,8668.4,26.88,15682.06,48771.21,8625.13
V0060,Bulk Carrier,HFO,75010.6,0.499,11.31,175.2,Stormy,14365.7,15.49,12023.91,37394.37,6613.15
V0060,Bulk Carrier,HFO,72307.1,0.874,10.44,161.9,Calm,10900.9,15.51,15535.73,48316.12,8544.65
V0061,Bulk Carrier,HFO,125927.9,0.808,13.15,472.9,Stormy,34217.6,35.96,80394.23,250026.06,44216.83
V0061,Bulk Carrier,HFO,146788.0,0.855,12.46,367.0,Calm,29551.1,29.46,46968.55,146072.18,25832.7
V0061,Bulk Carrier,HFO,33596.0,0.715,14.18,469.8,Calm,15832.0,33.13,35667.0,110924.38,19616.85
V0061,Bulk Carrier,HFO,173636.2,0.533,10.64,207.1,Moderate,19952.1,19.46,40112.79,124750.77,22062.03
V0061,Bulk Carrier,HFO,23726.6,0.789,10.77,303.0,Moderate,5809.4,28.14,16661.11,51816.06,9163.61
V0061,Bulk Carrier,HFO,86445.0,0.587,11.37,57.0,Calm,14883.7,5.02,8230.71,25597.51,4526.89
V0061,Bulk Carrier,HFO,23223.1,0.961,10.79,349.7,Moderate,5967.9,32.42,22290.51,69323.49,12259.78
V0061,Bulk Carrier,HFO,110841.0,0.659,10.69,303.8,Calm,14836.2,28.43,40893.36,127178.36,22491.35
V0061,Bulk Carrier,HFO,88450.2,0.861,11.4,358.6,Moderate,16824.5,31.46,48539.06,150956.47,26696.48
V0061,Bulk Carrier,HFO,106135.2,0.562,10.16,375.3,Moderate,12582.7,36.96,27523.82,85599.09,15138.1
V0062,LNG Carrier,MDO,93313.9,0.574,17.73,236.2,Calm,46650.8,13.32,43255.42,138849.9,30278.79
V0062,LNG Carrier,MDO,107991.5,0.81,14.24,407.8,Calm,28079.6,28.64,63840.85,204929.13,44688.6
V0062,LNG Carrier,MDO,105684.0,0.839,17.65,481.6,Moderate,55151.0,27.29,140902.14,452295.87,98631.5
V0062,LNG Carrier,MDO,76538.7,0.62,15.7,240.8,Calm,28701.3,15.34,36483.24,117111.21,25538.27
V0062,LNG Carrier,MDO,102270.5,0.824,15.32,411.9,Calm,33818.9,26.89,68270.51,219148.34,47789.36
V0062,LNG Carrier,MDO,92897.6,0.97,14.17,354.2,Calm,25865.9,24.99,42906.84,137730.97,30034.79
V0062,LNG Carrier,MDO,99466.4,0.622,15.54,329.1,Calm,33191.2,21.17,46154.27,148155.21,32307.99
V0062,LNG Carrier,MDO,67806.5,0.401,14.72,499.6,Calm,20725.6,33.94,94910.44,304662.51,66437.31
V0062,LNG Carrier,MDO,61398.6,0.828,16.51,372.9,Stormy,33176.5,22.58,42767.09,137282.37,29936.97
V0062,LNG Carrier,MDO,128210.9,0.957,14.24,494.1,Moderate,33735.0,34.71,97423.49,312729.39,68196.44
V0063,LNG Carrier,HFO,106432.1,0.772,17.1,285.4,Stormy,52507.3,16.7,63345.69,197005.11,34840.13
V0063,LNG Carrier,HFO,88004.7,0.886,14.8,136.5,Calm,27956.5,9.23,20197.33,62813.71,11108.53
V0063,LNG Carrier,HFO,97124.2,0.929,16.25,350.8,Moderate,41424.0,21.59,84498.9,262791.56,46474.39
V0063,LNG Carrier,HFO,117392.0,0.632,17.07,263.5,Stormy,54092.2,15.44,71102.19,221127.81,39106.2
V0063,LNG Carrier,HFO,81343.8,0.658,17.11,295.2,Moderate,40599.7,17.25,46831.56,145646.15,25757.36
V0063,LNG Carrier,HFO,120678.9,0.736,16.08,465.3,Calm,42828.9,28.95,120189.85,373790.44,66104.42
V0063,LNG Carrier,HFO,118005.3,0.752,14.83,459.5,Moderate,34587.3,30.98,94211.65,292998.23,51816.41
V0063,LNG Carrier,HFO,62521.7,0.789,16.98,168.6,Calm,32946.3,9.93,60672.49,188691.44,33369.87
V0063,LNG Carrier,HFO,66525.3,0.765,14.44,133.5,Calm,20991.0,9.25,15938.62,49569.12,8766.24
V0063,LNG Carrier,HFO,121720.4,0.577,15.26,91.0,Stormy,39105.7,5.96,23298.08,72457.02,12813.94
V0064,Container Ship,LNG,165834.2,0.968,14.69,317.0,Stormy,808430.3,21.58,1949150.35,5360163.45,1169490.21
V0064,Container Ship,LNG,105233.8,0.564,17.16,108.4,Moderate,824169.6,6.32,272231.76,748637.33,163339.05
V0064,Container Ship,LNG,47168.2,0.486,18.98,121.2,Calm,617135.4,6.38,201177.91,553239.26,120706.75
V0064,Container Ship,LNG,57546.7,0.521,19.22,138.6,Calm,737716.0,7.21,313868.36,863137.98,188321.01
V0064,Container Ship,LNG,56485.5,0.665,18.93,343.3,Calm,719905.1,18.13,681835.2,1875046.81,409101.12
V0064,Container Ship,LNG,74502.9,0.68,17.72,82.3,Calm,712170.2,4.65,166000.09,456500.24,99600.05
V0064,Container Ship,LNG,219290.4,0.594,23.8,240.4,Calm,3474153.4,10.1,1690631.31,4649236.11,1014378.79
V0064,Container Ship,LNG,32684.0,0.508,14.95,253.9,Calm,237522.1,16.98,220670.13,606842.86,132402.08
V0064,Container Ship,LNG,97852.0,0.51,22.52,158.4,Moderate,1753716.3,7.04,492199.44,1353548.47,295319.67
V0064,Container Ship,LNG,58968.6,0.503,15.62,325.5,Calm,400531.4,20.84,654635.55,1800247.75,392781.33
V0065,LNG Carrier,HFO,99560.4,0.453,17.29,162.8,Calm,43935.1,9.41,25576.7,79543.53,14067.18
V0065,LNG Carrier,HFO,75518.8,0.878,15.16,191.7,Stormy,29790.8,12.64,45316.23,140933.46,24923.92
V0065,LNG Carrier,HFO,105637.4,0.707,17.98,266.0,Stormy,59902.6,14.8,117923.99,366743.62,64858.2
V0065,LNG Carrier,HFO,104826.3,0.588,17.28,105.8,Calm,46828.3,6.12,35780.11,111276.16,19679.06
V0065,LNG Carrier,HFO,86519.0,0.481,18.93,249.1,Moderate,54979.0,13.16,53738.08,167125.44,29555.95
V0065,LNG Carrier,HFO,93639.2,0.62,15.56,158.7,Calm,31954.1,10.2,17284.58,53755.05,9506.52
V0065,LNG Carrier,HFO,126472.2,0.897,18.01,296.2,Calm,64330.4,16.44,135622.0,421784.43,74592.1
V0065,LNG Carrier,HFO,80512.6,0.98,19.72,227.8,Moderate,66064.0,11.55,52131.51,162128.98,28672.33
V0065,LNG Carrier,HFO,71308.6,0.569,17.52,103.4,Moderate,39088.9,5.91,32551.57,101235.37,17903.36
V0065,LNG Carrier,HFO,123706.3,0.652,15.09,226.8,Moderate,36735.0,15.03,60988.16,189673.19,33543.49
V0066,Bulk Carrier,HFO,123873.4,0.622,12.87,120.3,Calm,27668.4,9.35,26144.82,81310.4,14379.65
V0066,Bulk Carrier,HFO,136683.4,0.724,11.55,293.1,Stormy,24016.2,25.38,45713.4,142168.69,25142.37
V0066,Bulk Carrier,HFO,31719.4,0.902,10.89,95.4,Moderate,7468.2,8.76,4230.43,13156.64,2326.74
V0066,Bulk Carrier,HFO,55083.5,0.812,11.62,316.0,Moderate,12849.9,27.2,29006.35,90209.74,15953.49
V0066,Bulk Carrier,HFO,67206.4,0.944,13.29,301.9,Calm,21735.6,22.71,47533.14,147828.07,26143.23
V0066,Bulk Carrier,HFO,133920.2,0.593,13.64,461.9,Moderate,35844.6,33.86,141042.68,438642.74,77573.47
V0066,Bulk Carrier,HFO,143329.6,0.754,12.5,395.5,Calm,28776.9,31.64,54532.52,169596.13,29992.89
V0066,Bulk Carrier,HFO,70877.5,0.932,12.42,478.0,Moderate,19041.6,38.49,69473.78,216063.47,38210.58
V0066,Bulk Carrier,HFO,179440.8,0.879,10.76,283.4,Calm,21903.3,26.34,54179.2,168497.3,29798.56
V0066,Bulk Carrier,HFO,136982.3,0.706,13.13,242.3,Moderate,33321.0,18.45,53169.15,165356.07,29243.03
V0067,Bulk Carrier,HFO,156955.3,0.717,13.55,408.1,Calm,38590.9,30.12,99848.73,310529.54,54916.8
V0067,Bulk Carrier,HFO,81279.7,0.814,12.37,164.8,Calm,19358.2,13.32,26997.92,83963.53,14848.86
V0067,Bulk Carrier,HFO,86508.5,0.684,11.25,292.0,Calm,14751.6,25.96,40257.87,125201.97,22141.83
V0067,Bulk Carrier,HFO,21011.9,0.524,14.54,82.0,Calm,11952.2,5.64,6364.02,19792.09,3500.21
V0067,Bulk Carrier,HFO,64836.8,0.549,14.3,228.4,Moderate,25216.5,15.97,34200.87,106364.7,18810.48
V0067,Bulk Carrier,HFO,84664.7,0.824,12.68,256.8,Stormy,23618.7,20.25,21596.65,67165.57,11878.15
V0067,Bulk Carrier,HFO,67209.6,0.992,13.95,300.0,Moderate,26343.9,21.51,52064.9,161921.83,28635.69
V0067,Bulk Carrier,HFO,163810.7,0.691,13.63,107.3,Moderate,41806.2,7.87,26370.89,82013.45,14503.99
V0067,Bulk Carrier,HFO,149093.5,0.696,10.52,110.3,Calm,17387.1,10.48,18972.97,59005.94,10435.13
V0067,Bulk Carrier,HFO,135788.5,0.711,12.76,426.1,Calm,29258.3,33.39,102073.43,317448.37,56140.39
V0068,Bulk Carrier,HFO,36378.0,0.769,11.03,412.8,Calm,7938.1,37.44,39419.65,122595.1,21680.81
V0068,Bulk Carrier,HFO,140173.0,0.521,10.95,77.7,Calm,18085.8,7.1,9333.3,29026.57,5133.32
V0068,Bulk Carrier,HFO,77070.8,0.511,12.25,101.1,Moderate,17617.4,8.25,11034.6,34317.6,6069.03
V0068,Bulk Carrier,HFO,31387.0,0.408,14.88,358.0,Calm,16287.3,24.06,46051.1,143218.91,25328.1
V0068,Bulk Carrier,HFO,44450.1,0.506,11.09,442.7,Moderate,9057.6,39.91,35685.61,110982.25,19627.09
V0068,Bulk Carrier,HFO,60924.9,0.864,14.88,64.7,Moderate,29210.0,4.35,8762.26,27250.62,4819.24
V0068,Bulk Carrier,HFO,47499.1,0.793,11.92,440.7,Moderate,12534.0,36.96,37711.57,117282.98,20741.36
V0068,Bulk Carrier,HFO,152499.6,0.558,12.38,279.0,Moderate,29006.0,22.53,37219.21,115751.73,20470.56
V0068,Bulk Carrier,HFO,23325.9,0.49,10.98,410.1,Calm,5473.8,37.35,15873.94,49367.97,8730.67
V0068,Bulk Carrier,HFO,104921.0,0.679,14.23,81.8,Calm,33919.4,5.75,12357.23,38430.99,6796.48
V0069,LNG Carrier,HFO,127141.9,0.812,19.33,177.4,Moderate,81434.2,9.18,65628.77,204105.48,36095.82
V0069,LNG Carrier,HFO,89604.1,0.999,18.89,406.9,Moderate,62622.9,21.54,96148.1,299020.58,52881.45
V0069,LNG Carrier,HFO,116484.6,0.643,19.17,145.2,Calm,69539.5,7.57,27227.64,84677.98,14975.2
V0069,LNG Carrier,HFO,80237.2,0.769,18.2,53.3,Calm,47684.0,2.93,12474.0,38794.13,6860.7
V0069,LNG Carrier,HFO,122762.5,0.997,14.94,459.4,Calm,36693.9,30.75,132364.86,411654.71,72800.67
V0069,LNG Carrier,HFO,65904.1,0.886,14.39,83.7,Moderate,22040.0,5.82,12434.41,38671.02,6838.93
V0069,LNG Carrier,HFO,91138.5,0.683,17.54,289.9,Moderate,47389.4,16.53,81317.43,252897.21,44724.59
V0069,LNG Carrier,HFO,129811.8,0.732,16.1,55.5,Calm,45141.5,3.45,18830.84,58563.92,10356.96
V0069,LNG Carrier,HFO,125798.8,0.555,17.76,284.2,Moderate,59340.6,16.0,82762.17,257390.35,45519.19
V0069,LNG Carrier,HFO,103377.4,0.638,19.61,404.5,Stormy,75465.1,20.63,215070.71,668869.92,118288.89
V0070,LNG Carrier,MDO,64124.1,0.845,15.21,297.9,Calm,24352.6,19.59,33713.16,108219.23,23599.21
V0070,LNG Carrier,MDO,124425.4,0.684,14.61,472.9,Calm,32445.2,32.37,122475.46,393146.21,85732.82
V0070,LNG Carrier,MDO,64921.8,0.887,14.11,61.2,Moderate,20566.7,4.34,7586.46,24352.54,5310.52
V0070,LNG Carrier,MDO,68722.7,0.97,17.41,155.4,Moderate,40827.9,8.93,32584.62,104596.63,22809.23
V0070,LNG Carrier,MDO,121402.3,0.441,17.12,424.5,Calm,48528.4,24.8,94549.24,303503.07,66184.47
V0070,LNG Carrier,MDO,63636.7,0.588,19.35,361.2,Stormy,51928.5,18.66,51645.76,165782.9,36152.03
V0070,LNG Carrier,MDO,111918.3,0.987,15.46,293.8,Moderate,39677.5,19.01,56218.92,180462.72,39353.24
V0070,LNG Carrier,MDO,93273.3,0.57,17.53,116.0,Calm,45092.0,6.62,34141.1,109592.94,23898.77
V0070,LNG Carrier,MDO,95842.9,0.834,14.99,315.7,Calm,30432.3,21.06,59947.55,192431.63,41963.28
V0070,LNG Carrier,MDO,122740.0,0.535,14.16,284.9,Calm,28277.1,20.12,69583.26,223362.27,48708.28
V0071,Tanker,MDO,276701.2,0.749,11.82,119.4,Moderate,29138.8,10.1,20740.28,66576.29,14518.19
V0071,Tanker,MDO,234081.3,0.663,13.11,344.0,Calm,33589.9,26.23,104199.55,334480.55,72939.68
V0071,Tanker,MDO,233041.9,0.848,10.94,400.2,Moderate,21056.5,36.58,61787.55,198338.03,43251.28
V0071,Tanker,MDO,100111.6,0.625,12.81,318.0,Stormy,19384.8,24.82,40573.1,130239.65,28401.17
V0071,Tanker,MDO,69943.1,0.49,12.23,73.5,Moderate,12165.8,6.01,6229.6,19997.01,4360.72
V0071,Tanker,MDO,238189.1,0.706,13.21,56.3,Calm,35054.3,4.26,14807.13,47530.89,10364.99
V0071,Tanker,MDO,74585.6,0.628,13.68,152.8,Moderate,18359.3,11.17,11647.28,37387.76,8153.09
V0071,Tanker,MDO,62978.8,0.941,11.42,63.4,Calm,9811.2,5.55,5337.18,17132.36,3736.03
V0071,Tanker,MDO,127301.0,0.542,13.46,305.3,Moderate,24455.2,22.69,54487.89,174906.13,38141.52
V0071,Tanker,MDO,107991.0,0.947,10.25,191.6,Stormy,11174.0,18.7,10285.92,33017.79,7200.14
V0072,LNG Carrier,HFO,94255.1,0.984,17.33,59.1,Moderate,49827.0,3.41,17034.85,52978.39,9369.17
V0072,LNG Carrier,HFO,106231.7,0.75,17.17,200.4,Calm,48060.7,11.67,38502.36,119742.35,21176.3
V0072,LNG Carrier,HFO,117715.2,0.982,16.53,236.6,Calm,48167.0,14.32,68129.73,211883.45,37471.35
V0072,LNG Carrier,HFO,70591.5,0.541,14.99,346.3,Stormy,25588.6,23.1,59881.67,186232.01,32934.92
V0072,LNG Carrier,HFO,79503.2,0.793,17.89,68.2,Calm,45218.2,3.81,11499.2,35762.52,6324.56
V0072,LNG Carrier,HFO,76648.5,0.782,18.97,486.6,Calm,52518.9,25.65,107013.56,332812.17,58857.46
V0072,LNG Carrier,HFO,76904.2,0.467,19.19,176.1,Moderate,52753.4,9.18,52727.78,163983.4,29000.28
V0072,LNG Carrier,HFO,97353.4,0.464,17.15,432.7,Stormy,46593.9,25.23,111022.75,345280.76,61062.51
V0072,LNG Carrier,HFO,85031.9,0.862,16.87,272.3,Stormy,44311.9,16.14,65479.53,203641.34,36013.74
V0072,LNG Carrier,HFO,91851.5,0.638,17.71,257.2,Calm,46704.9,14.52,50939.08,158420.53,28016.49
V0073,Tanker,HFO,232984.5,0.926,11.93,315.0,Moderate,27721.8,26.41,42093.4,130910.47,23151.37
V0073,Tanker,HFO,56422.3,0.858,11.8,244.0,Calm,9889.2,20.68,14639.85,45529.93,8051.92
V0073,Tanker,HFO,48313.1,0.84,12.48,398.0,Stormy,11563.2,31.89,40612.95,126306.27,22337.12
V0073,Tanker,HFO,224152.7,0.862,14.09,155.5,Moderate,43925.4,11.04,30220.62,93986.11,16621.34
V0073,Tanker,HFO,204842.6,0.8,12.89,276.4,Calm,30056.3,21.45,64101.61,199356.01,35255.89
V0073,Tanker,HFO,125679.1,0.696,10.29,63.3,Stormy,11885.1,6.15,5105.45,15877.96,2808.0
V0073,Tanker,HFO,100591.2,0.57,15.88,163.5,Moderate,34590.0,10.3,24117.15,75004.34,13264.43
V0073,Tanker,HFO,212901.1,0.848,10.01,354.1,Calm,14592.5,35.37,43526.35,135366.96,23939.5
V0073,Tanker,HFO,224129.5,0.546,10.15,366.7,Stormy,16189.8,36.14,49060.83,152579.17,26983.45
V0073,Tanker,HFO,248719.8,0.422,10.96,347.3,Moderate,20093.9,31.68,48676.77,151384.76,26772.22
V0074,LNG Carrier,HFO,121344.1,0.514,14.98,213.9,Moderate,34384.1,14.28,36254.31,112750.89,19939.87
V0074,LNG Carrier,HFO,65534.8,0.874,16.94,83.9,Moderate,35695.2,4.95,13886.11,43185.82,7637.36
V0074,LNG Carrier,HFO,128688.4,0.948,18.03,396.1,Moderate,68593.4,21.97,144065.32,448043.13,79235.92
V0074,LNG Carrier,HFO,121848.6,0.522,15.41,273.5,Moderate,37644.4,17.75,55252.94,171836.64,30389.12
V0074,LNG Carrier,HFO,128463.0,0.638,16.61,131.8,Calm,48180.2,7.94,23952.39,74491.93,13173.81
V0074,LNG Carrier,HFO,124611.0,0.593,19.92,343.3,Moderate,83859.1,17.23,173225.3,538730.69,95273.92
V0074,LNG Carrier,HFO,75245.9,0.582,14.64,488.0,Stormy,25084.8,33.33,57673.48,179364.52,31720.41
V0074,LNG Carrier,HFO,92691.3,0.73,15.94,179.0,Calm,34959.4,11.23,29005.59,90207.37,15953.07
V0074,LNG Carrier,HFO,95853.0,0.94,15.29,472.4,Moderate,34321.3,30.89,60292.44,187509.48,33160.84
V0074,LNG Carrier,HFO,103599.6,0.559,19.1,198.9,Calm,62330.6,10.42,59599.19,185353.47,32779.55
V0075,Tanker,HFO,114640.0,0.604,11.63,341.8,Calm,14356.6,29.4,48282.2,150157.66,26555.21
V0075,Tanker,HFO,73358.7,0.684,11.33,140.3,Calm,10029.6,12.39,8783.5,27316.67,4830.92
V0075,Tanker,HFO,100058.4,0.586,15.97,463.3,Calm,33822.6,29.01,54148.69,168402.44,29781.78
V0075,Tanker,HFO,257213.7,0.65,14.82,106.8,Calm,51429.5,7.21,46326.49,144075.39,25479.57
V0075,Tanker,HFO,267573.4,0.812,10.64,308.4,Calm,20280.5,28.98,58137.48,180807.56,31975.61
V0075,Tanker,HFO,150061.6,0.887,10.5,310.7,Calm,13442.6,29.59,25690.47,79897.35,14129.76
V0075,Tanker,HFO,265596.7,0.421,11.64,120.9,Calm,24170.7,10.38,21270.69,66151.84,11698.88
V0075,Tanker,HFO,206532.3,0.447,10.85,100.1,Calm,16663.7,9.22,15561.75,48397.06,8558.96
V0075,Tanker,HFO,234019.7,0.571,14.42,498.6,Calm,43760.7,34.57,152832.44,475308.88,84057.84
V0075,Tanker,HFO,260558.2,0.836,14.37,262.2,Calm,49295.7,18.25,98963.81,307777.45,54430.1
V0076,Tanker,MDO,135058.3,0.987,12.87,286.2,Moderate,24508.8,22.24,68302.0,219249.43,47811.4
V0076,Tanker,MDO,119136.6,0.452,12.24,110.3,Calm,16588.5,9.01,13419.88,43077.83,9393.92
V0076,Tanker,MDO,71023.2,0.767,12.08,407.1,Calm,12123.1,33.71,31329.48,100567.64,21930.64
V0076,Tanker,MDO,180905.5,0.704,11.16,205.1,Moderate,18309.2,18.38,27966.23,89771.61,19576.36
V0076,Tanker,MDO,147869.0,0.442,13.26,170.3,Moderate,25254.6,12.84,20240.08,64970.65,14168.05
V0076,Tanker,MDO,246176.1,0.59,11.56,322.3,Calm,23378.9,27.89,47538.8,152599.56,33277.16
V0076,Tanker,MDO,119397.0,0.809,11.42,459.2,Moderate,15202.2,40.21,38485.28,123537.75,26939.7
V0076,Tanker,MDO,61081.4,0.867,13.83,144.2,Calm,16811.7,10.43,12819.63,41151.01,8973.74
V0076,Tanker,MDO,44686.5,0.921,10.22,249.4,Moderate,5790.2,24.41,9404.65,30188.94,6583.26
V0076,Tanker,MDO,79085.0,0.954,13.18,213.8,Calm,17592.4,16.23,21248.57,68207.9,14874.0
V0077,Container Ship,HFO,217993.6,0.702,14.65,469.5,Moderate,860687.4,32.04,1990660.73,6190954.86,1094863.4
V0077,Container Ship,HFO,126391.6,0.742,18.38,172.6,Moderate,1192326.0,9.39,1309215.17,4071659.18,720068.34
V0077,Container Ship,HFO,164788.5,0.668,20.44,228.8,Calm,1850561.8,11.19,1899266.53,5906718.92,1044596.59
V0077,Container Ship,HFO,44249.7,0.793,18.31,86.9,Calm,568540.9,4.75,202116.93,628583.66,111164.31
V0077,Container Ship,HFO,219553.2,0.921,23.16,313.4,Stormy,3785115.5,13.53,3744364.48,11644973.53,2059400.46
V0077,Container Ship,HFO,172423.3,0.41,15.37,358.0,Calm,763464.1,23.3,1721591.7,5354150.2,946875.44
V0077,Container Ship,HFO,211522.6,0.688,17.16,131.7,Calm,1298371.0,7.67,1372987.6,4269991.44,755143.18
V0077,Container Ship,HFO,174020.3,0.678,18.37,143.9,Calm,1395525.2,7.84,701343.68,2181178.84,385739.02
V0077,Container Ship,HFO,168639.6,0.747,18.09,317.6,Calm,1324609.8,17.56,2245484.56,6983457.0,1235016.51
V0077,Container Ship,HFO,159383.7,0.41,19.08,473.3,Calm,1385543.5,24.81,4113293.41,12792342.52,2262311.38
V0078,RoRo,HFO,26571.5,0.822,19.72,173.6,Moderate,28674.2,8.8,25400.41,78995.26,13970.22
V0078,RoRo,HFO,22065.1,0.945,15.43,236.3,Moderate,12459.0,15.31,23013.03,71570.51,12657.16
V0078,RoRo,HFO,18981.1,0.896,19.46,383.1,Calm,21506.1,19.69,41107.45,127844.17,22609.1
V0078,RoRo,HFO,10322.6,0.655,14.98,120.2,Stormy,6834.3,8.02,5267.03,16380.47,2896.87
V0078,RoRo,HFO,22872.3,0.794,17.16,185.7,Calm,16344.2,10.82,15273.59,47500.85,8400.47
V0078,RoRo,HFO,33262.7,0.475,15.61,379.1,Moderate,15303.4,24.28,27210.83,84625.69,14965.96
V0078,RoRo,HFO,38487.2,0.567,17.7,333.6,Calm,24158.4,18.84,39852.0,123939.72,21918.6
V0078,RoRo,HFO,36586.5,0.469,16.17,398.8,Moderate,18092.2,24.66,30430.91,94640.14,16737.0
V0078,RoRo,HFO,17135.9,0.547,17.54,335.9,Calm,13633.4,19.15,37642.16,117067.11,20703.19
V0078,RoRo,HFO,27534.1,0.808,18.15,299.5,Calm,21975.0,16.5,34206.66,106382.7,18813.66
V0079,Tanker,HFO,66176.9,0.916,13.58,321.2,Calm,16962.4,23.65,47761.19,148537.31,26268.66
V0079,Tanker,HFO,54989.9,0.535,14.17,227.2,Stormy,17238.4,16.04,22739.4,70719.53,12506.67
V0079,Tanker,HFO,146579.2,0.533,11.61,361.4,Calm,16570.5,31.12,45546.25,141648.85,25050.44
V0079,Tanker,HFO,269416.6,0.508,14.75,274.5,Calm,50708.7,18.6,86436.49,268817.49,47540.07
V0079,Tanker,HFO,220295.9,0.809,13.43,445.7,Calm,35790.2,33.18,67775.28,210781.12,37276.4
V0079,Tanker,HFO,58158.8,0.594,12.79,224.3,Stormy,13350.7,17.53,23109.2,71869.61,12710.06
V0079,Tanker,HFO,230927.4,0.634,14.01,464.2,Calm,40301.8,33.14,133890.38,416399.08,73639.71
V0079,Tanker,HFO,100834.6,0.53,15.28,263.5,Calm,29392.7,17.24,76877.37,239088.62,42282.55
V0079,Tanker,HFO,222083.0,0.873,11.72,391.0,Moderate,25186.6,33.36,75270.84,234092.31,41398.96
V0079,Tanker,HFO,198532.7,0.779,10.92,213.7,Moderate,18548.0,19.57,38072.74,118406.21,20940.01
V0080,Container Ship,HFO,143091.0,0.757,23.84,289.2,Moderate,2833081.5,12.13,2744716.6,8536068.64,1509594.13
V0080,Container Ship,HFO,154562.9,0.543,20.91,152.5,Moderate,1919102.8,7.29,945334.98,2939991.78,519934.24
V0080,Container Ship,HFO,73279.6,0.617,16.37,436.4,Calm,547102.5,26.66,1802464.37,5605664.2,991355.4
V0080,Container Ship,HFO,60162.2,0.541,15.59,268.9,Calm,407563.5,17.24,625382.62,1944939.94,343960.44
V0080,Container Ship,HFO,100385.4,0.776,17.18,64.0,Moderate,841073.5,3.73,259097.56,805793.4,142503.66
V0080,Container Ship,HFO,90237.9,0.679,22.73,312.0,Calm,1706883.5,13.73,1431970.97,4453429.7,787584.03
V0080,Container Ship,HFO,184257.5,0.586,23.14,459.8,Calm,2839613.0,19.87,6054769.41,18830332.85,3330123.17
V0080,Container Ship,HFO,88368.2,0.952,17.33,334.9,Calm,790286.1,19.33,2427125.43,7548360.08,1334918.99
V0080,Container Ship,HFO,31306.8,0.757,22.55,366.7,Calm,837237.6,16.26,930879.08,2895033.94,511983.49
V0080,Container Ship,HFO,61994.0,0.531,18.71,208.9,Moderate,745726.4,11.17,649621.09,2020321.6,357291.6
V0081,LNG Carrier,MDO,71664.5,0.79,14.26,247.8,Moderate,22237.6,17.37,49600.38,159217.21,34720.26
V0081,LNG Carrier,MDO,88198.8,0.836,15.41,289.3,Calm,31265.0,18.77,39711.32,127473.35,27797.93
V0081,LNG Carrier,MDO,80388.4,0.662,17.04,269.0,Moderate,39805.2,15.79,47102.94,151200.44,32972.06
V0081,LNG Carrier,MDO,118795.4,0.766,19.27,333.3,Moderate,76455.9,17.29,154649.98,496426.43,108254.98
V0081,LNG Carrier,MDO,82547.4,0.911,17.55,61.5,Calm,44903.6,3.5,15135.92,48586.31,10595.15
V0081,LNG Carrier,MDO,96735.7,0.514,17.69,139.2,Stormy,51523.9,7.87,33716.19,108228.97,23601.33
V0081,LNG Carrier,MDO,113409.3,0.639,15.44,117.8,Calm,35662.3,7.63,16210.96,52037.18,11347.67
V0081,LNG Carrier,MDO,129922.4,0.988,15.38,423.8,Calm,41506.7,27.56,127463.61,409158.17,89224.52
V0081,LNG Carrier,MDO,89518.2,0.565,17.35,104.1,Moderate,44171.2,6.0,18733.97,60136.04,13113.78
V0081,LNG Carrier,MDO,98474.4,0.497,17.62,75.0,Calm,46616.3,4.26,14574.14,46782.98,10201.9
V0082,Tanker,LNG,166062.5,0.702,13.74,210.9,Calm,31005.4,15.35,42809.67,117726.6,25685.8
V0082,Tanker,LNG,119502.6,0.534,12.72,277.6,Stormy,20897.6,21.83,56651.48,155791.58,33990.89
V0082,Tanker,LNG,66115.7,0.749,12.1,372.8,Calm,11574.2,30.81,30292.91,83305.51,18175.75
V0082,Tanker,LNG,39184.4,0.65,15.6,236.1,Moderate,17803.1,15.14,14477.88,39814.16,8686.73
V0082,Tanker,LNG,104879.3,0.619,12.47,391.5,Calm,16756.4,31.39,18375.29,50532.05,11025.17
V0082,Tanker,LNG,177794.0,0.917,14.14,339.6,Moderate,38456.9,24.02,55106.79,151543.67,33064.07
V0082,Tanker,LNG,106002.9,0.67,10.14,326.5,Moderate,9529.7,32.21,24686.81,67888.72,14812.08
V0082,Tanker,LNG,104222.6,0.767,13.06,426.5,Calm,19790.6,32.66,45732.97,125765.67,27439.78
V0082,Tanker,LNG,282413.1,0.86,10.7,466.9,Moderate,22438.6,43.63,86625.43,238219.93,51975.26
V0082,Tanker,LNG,164190.7,0.733,13.74,188.1,Calm,30940.6,13.69,34155.95,93928.85,20493.57
V0083,Bulk Carrier,HFO,90317.1,0.58,11.07,462.5,Stormy,15537.4,41.78,71807.39,223320.99,39494.07
V0083,Bulk Carrier,HFO,55120.7,0.433,12.39,443.5,Moderate,14317.0,35.8,41297.07,128433.88,22713.39
V0083,Bulk Carrier,HFO,56382.6,0.591,14.21,329.7,Moderate,22779.9,23.19,63465.08,197376.39,34905.79
V0083,Bulk Carrier,HFO,72988.5,0.937,14.17,453.2,Calm,27795.1,31.97,76460.83,237793.18,42053.46
V0083,Bulk Carrier,HFO,125349.3,0.438,10.44,263.3,Calm,14260.9,25.22,31919.38,99269.29,17555.66
V0083,Bulk Carrier,HFO,71960.3,0.995,12.95,254.9,Calm,21232.1,19.68,27954.27,86937.78,15374.85
V0083,Bulk Carrier,HFO,40104.5,0.62,12.08,342.0,Moderate,11202.2,28.32,41019.54,127570.77,22560.75
V0083,Bulk Carrier,HFO,39864.0,0.902,11.66,372.4,Moderate,10672.9,31.94,34271.22,106583.5,18849.17
V0083,Bulk Carrier,HFO,47902.7,0.703,10.24,136.5,Calm,7537.1,13.32,8409.08,26152.24,4624.99
V0083,Bulk Carrier,HFO,125262.7,0.433,11.92,51.4,Moderate,22064.7,4.31,6620.36,20589.32,3641.2
V0084,Container Ship,HFO,200034.4,0.473,19.72,323.8,Moderate,1881926.1,16.42,2450569.84,7621272.2,1347813.41
V0084,Container Ship,HFO,197267.4,0.852,23.74,249.4,Calm,3401616.9,10.5,3588279.33,11159548.72,1973553.63
V0084,Container Ship,HFO,78887.9,0.502,15.72,126.6,Calm,496084.4,8.05,369130.78,1147996.72,203021.93
V0084,Container Ship,HFO,39896.9,0.671,23.3,82.8,Calm,1065164.5,3.56,233268.37,725464.64,128297.61
V0084,Container Ship,HFO,212911.8,0.625,23.11,232.1,Calm,3142049.1,10.04,3249264.04,10105211.17,1787095.22
V0084,Container Ship,HFO,85640.9,0.459,15.23,96.1,Moderate,490112.8,6.31,220732.55,686478.22,121402.9
V0084,Container Ship,HFO,121297.6,0.516,18.42,111.9,Calm,1066825.9,6.08,737892.74,2294846.41,405841.01
V0084,Container Ship,HFO,182047.2,0.827,23.15,232.7,Calm,2975355.7,10.05,2698424.96,8392101.63,1484133.73
V0084,Container Ship,HFO,64986.6,0.483,15.08,246.9,Moderate,398089.2,16.38,486771.48,1513859.3,267724.31
V0084,Container Ship,HFO,88129.2,0.706,16.61,257.3,Moderate,686419.7,15.49,836316.01,2600942.78,459973.8
V0085,Bulk Carrier,HFO,151499.3,0.882,12.4,78.0,Calm,29917.5,6.29,16987.24,52830.3,9342.98
V0085,Bulk Carrier,HFO,160130.7,0.516,13.01,240.3,Calm,33110.0,18.47,62168.82,193345.04,34192.85
V0085,Bulk Carrier,HFO,113611.0,0.43,10.77,448.5,Calm,14653.9,41.63,73000.36,227031.13,40150.2
V0085,Bulk Carrier,HFO,159177.1,0.925,14.58,270.7,Stormy,55879.6,18.56,66151.65,205731.62,36383.41
V0085,Bulk Carrier,HFO,157553.6,0.832,11.91,390.4,Moderate,28020.7,32.78,65608.54,204042.56,36084.7
V0085,Bulk Carrier,HFO,137023.0,0.627,14.79,186.2,Stormy,49443.2,12.59,37905.77,117886.94,20848.17
V0085,Bulk Carrier,HFO,37965.8,0.765,13.92,299.7,Calm,16441.9,21.52,23822.82,74088.98,13102.55
V0085,Bulk Carrier,HFO,91737.2,0.75,14.31,350.7,Moderate,33332.8,24.5,57096.91,177571.38,31403.3
V0085,Bulk Carrier,HFO,58625.6,0.768,11.31,91.7,Moderate,12253.1,8.1,7494.7,23308.53,4122.09
V0085,Bulk Carrier,HFO,73671.3,0.577,10.06,334.5,Stormy,10179.3,33.25,22919.17,71278.6,12605.54
V0086,LNG Carrier,HFO,77563.9,0.638,16.08,337.2,Calm,31245.6,20.97,67485.36,209879.48,37116.95
V0086,LNG Carrier,HFO,124256.0,0.781,16.44,197.7,Calm,47166.6,12.02,37456.14,116488.61,20600.88
V0086,LNG Carrier,HFO,62880.7,0.953,14.87,115.9,Moderate,23895.8,7.79,12245.18,38082.52,6734.85
V0086,LNG Carrier,HFO,84066.5,0.496,18.6,384.2,Calm,49339.6,20.66,64473.47,200512.49,35460.41
V0086,LNG Carrier,HFO,114292.2,0.566,18.17,349.6,Moderate,59718.9,19.24,85652.94,266380.64,47109.12
V0086,LNG Carrier,HFO,62963.8,0.442,19.21,312.1,Calm,44299.6,16.24,38427.4,119509.21,21135.07
V0086,LNG Carrier,HFO,112411.6,0.852,18.0,141.7,Stormy,64622.2,7.87,42582.53,132431.67,23420.39
V0086,LNG Carrier,HFO,105566.1,0.65,19.43,467.7,Moderate,70538.6,24.08,262259.93,815628.37,144242.96
V0086,LNG Carrier,HFO,117335.5,0.94,17.87,84.8,Calm,60243.0,4.74,24492.98,76173.17,13471.14
V0086,LNG Carrier,HFO,126628.3,0.589,16.57,402.8,Moderate,48723.4,24.31,110653.66,344132.88,60859.51
V0087,Container Ship,LNG,35741.6,0.553,19.97,342.6,Moderate,631570.3,17.15,1136628.32,3125727.87,681976.99
V0087,Container Ship,LNG,71115.9,0.87,22.29,148.6,Moderate,1488513.3,6.67,514828.28,1415777.78,308896.97
V0087,Container Ship,LNG,75217.4,0.673,21.79,88.7,Calm,1330713.8,4.07,448754.62,1234075.2,269252.77
V0087,Container Ship,LNG,136756.8,0.66,17.88,490.3,Calm,1091298.5,27.42,1766324.9,4857393.49,1059794.94
V0087,Container Ship,LNG,89314.2,0.809,17.26,359.5,Calm,763247.4,20.83,703279.63,1934018.99,421967.78
V0087,Container Ship,LNG,102999.5,0.613,15.47,298.7,Moderate,601852.7,19.32,926082.9,2546727.97,555649.74
V0087,Container Ship,LNG,73036.1,0.599,22.18,170.4,Moderate,1407473.5,7.68,636191.71,1749527.21,381715.03
V0087,Container Ship,LNG,168188.6,0.489,18.69,64.1,Stormy,1512820.8,3.43,708960.74,1949642.03,425376.44
V0087,Container Ship,LNG,103111.0,0.959,18.89,403.4,Calm,1137340.5,21.35,1941944.9,5340348.47,1165166.94
V0087,Container Ship,LNG,210623.3,0.614,22.17,467.5,Moderate,2858933.9,21.08,6987613.59,19215937.37,4192568.15
V0088,LNG Carrier,HFO,111217.1,0.966,14.55,423.5,Calm,31564.6,29.1,78898.49,245374.31,43394.17
V0088,LNG Carrier,HFO,69041.5,0.976,18.87,418.4,Moderate,52213.1,22.17,111399.34,346451.94,61269.64
V0088,LNG Carrier,HFO,117865.4,0.404,16.11,291.8,Calm,39322.5,18.11,98513.63,306377.4,54182.5
V0088,LNG Carrier,HFO,112325.4,0.507,15.05,469.2,Moderate,33066.3,31.18,103112.99,320681.39,56712.14
V0088,LNG Carrier,HFO,73434.6,0.464,14.38,358.4,Calm,20695.2,24.92,58747.48,182704.66,32311.11
V0088,LNG Carrier,HFO,63864.2,0.711,18.86,408.3,Calm,44989.8,21.65,51450.75,160011.84,28297.91
V0088,LNG Carrier,HFO,104280.0,0.81,14.38,475.0,Calm,28238.6,33.04,83308.28,259088.75,45819.55
V0088,LNG Carrier,HFO,74671.8,0.416,16.71,307.9,Stormy,35667.9,18.43,59088.43,183765.01,32498.64
V0088,LNG Carrier,HFO,84525.7,0.928,16.2,447.7,Stormy,39572.3,27.64,86238.29,268201.07,47431.06
V0088,LNG Carrier,HFO,88847.3,0.542,18.48,190.7,Moderate,52780.7,10.32,42399.23,131861.6,23319.57
V0089,RoRo,MDO,17515.3,0.553,21.71,187.8,Calm,26285.7,8.65,16256.54,52183.51,11379.58
V0089,RoRo,MDO,25204.8,0.618,14.9,331.7,Stormy,12087.9,22.26,20867.04,66983.21,14606.93
V0089,RoRo,MDO,22000.7,0.722,20.29,316.2,Calm,25923.2,15.58,37648.27,120850.96,26353.79
V0089,RoRo,MDO,19813.4,0.516,14.88,491.5,Calm,9105.7,33.03,23626.6,75841.39,16538.62
V0089,RoRo,MDO,27105.8,0.804,17.55,162.3,Calm,19626.3,9.25,16508.69,52992.89,11556.08
V0089,RoRo,MDO,37457.4,0.886,16.45,139.2,Stormy,22446.3,8.46,10052.36,32268.07,7036.65
V0089,RoRo,MDO,35243.0,0.851,18.15,206.0,Moderate,27169.6,11.35,27676.2,88840.59,19373.34
V0089,RoRo,MDO,28200.4,0.73,16.96,50.5,Stormy,19672.9,2.98,6061.99,19459.0,4243.4
V0089,RoRo,MDO,27996.7,0.773,18.41,180.5,Stormy,25277.9,9.81,24570.49,78871.27,17199.34
V0089,RoRo,MDO,23643.8,0.506,16.3,79.0,Calm,13438.3,4.84,5234.74,16803.51,3664.32
V0090,Container Ship,HFO,93247.7,0.618,20.7,117.2,Stormy,1431036.7,5.66,489589.95,1522624.74,269274.47
V0090,Container Ship,HFO,63190.0,0.494,23.33,161.2,Moderate,1450791.0,6.91,772311.89,2401889.99,424771.54
V0090,Container Ship,HFO,197055.3,0.918,15.48,58.4,Moderate,993324.8,3.77,408969.12,1271893.98,224933.02
V0090,Container Ship,HFO,54350.8,0.851,23.82,354.5,Stormy,1600182.8,14.88,3017657.82,9384915.83,1659711.8
V0090,Container Ship,HFO,103067.2,0.97,17.24,372.6,Moderate,900806.1,21.61,1446642.39,4499057.84,795653.32
V0090,Container Ship,HFO,85978.0,0.875,18.9,326.2,Calm,990359.2,17.26,1782861.4,5544698.94,980573.77
V0090,Container Ship,HFO,31792.8,0.648,19.7,335.1,Stormy,605597.5,17.01,1147356.83,3568279.74,631046.26
V0090,Container Ship,HFO,120249.5,0.946,19.32,80.3,Stormy,1477179.6,4.16,626178.99,1947416.65,344398.44
V0090,Container Ship,HFO,135745.5,0.825,14.58,319.1,Calm,610033.6,21.89,1518902.19,4723785.82,835396.21
V0090,Container Ship,HFO,165068.7,0.536,16.87,343.3,Moderate,1050963.0,20.35,2382079.13,7408266.09,1310143.52
V0091,LNG Carrier,MDO,102391.4,0.785,14.41,249.3,Calm,27952.3,17.3,21894.46,70281.2,15326.12
V0091,LNG Carrier,MDO,60727.9,0.435,17.65,380.7,Moderate,34794.6,21.57,73950.3,237380.46,51765.21
V0091,LNG Carrier,MDO,89489.1,0.468,15.08,239.3,Calm,27242.8,15.87,29966.38,96192.1,20976.47
V0091,LNG Carrier,MDO,78380.1,0.635,18.27,71.6,Moderate,47938.7,3.92,17736.91,56935.49,12415.84
V0091,LNG Carrier,MDO,114876.6,0.748,16.25,330.2,Calm,42945.2,20.32,62455.6,200482.48,43718.92
V0091,LNG Carrier,MDO,90422.3,0.754,15.1,447.5,Calm,29375.3,29.64,56568.68,181585.47,39598.08
V0091,LNG Carrier,MDO,80211.9,0.48,15.22,460.3,Moderate,27150.8,30.25,47724.11,153194.38,33406.87
V0091,LNG Carrier,MDO,89297.2,0.526,14.09,287.8,Calm,22513.0,20.42,45531.87,146157.29,31872.31
V0091,LNG Carrier,MDO,77999.9,0.769,19.35,345.7,Moderate,58494.3,17.87,49162.26,157810.85,34413.58
V0091,LNG Carrier,MDO,85317.9,0.499,17.29,282.2,Stormy,44124.1,16.31,44164.19,141767.04,30914.93
V0092,Container Ship,HFO,194840.5,0.652,17.73,128.0,Moderate,1399484.2,7.22,872073.05,2712147.19,479640.18
V0092,Container Ship,HFO,43269.3,0.727,15.95,396.2,Stormy,401994.4,24.84,1023637.77,3183513.48,563000.78
V0092,Container Ship,HFO,131539.6,0.474,22.56,387.3,Calm,2046636.6,17.17,3558989.8,11068458.28,1957444.39
V0092,Container Ship,HFO,192276.9,0.438,14.54,420.7,Calm,699566.1,28.94,1763035.93,5483041.75,969669.76
V0092,Container Ship,HFO,131899.0,0.435,18.15,456.7,Moderate,1099640.3,25.17,3352385.16,10425917.84,1843811.84
V0092,Container Ship,HFO,176730.8,0.462,19.5,492.4,Moderate,1671073.8,25.24,4205312.46,13078521.74,2312921.85
V0092,Container Ship,HFO,186986.7,0.858,23.97,94.3,Calm,3381010.2,3.93,1030998.61,3206405.67,567049.23
V0092,Container Ship,HFO,43026.4,0.79,22.89,410.2,Stormy,1198964.6,17.92,2475146.6,7697705.92,1361330.63
V0092,Container Ship,HFO,202199.5,0.808,16.99,174.0,Stormy,1380550.2,10.24,1373369.57,4271179.37,755353.27
V0092,Container Ship,HFO,59621.2,0.948,23.52,325.7,Moderate,1580637.5,13.85,1924690.51,5985787.48,1058579.78
V0093,RoRo,MDO,29210.2,0.441,20.3,453.6,Moderate,30598.4,22.34,48014.43,154126.33,33610.1
V0093,RoRo,MDO,38619.3,0.629,21.75,485.3,Calm,45529.9,22.32,83366.94,267607.89,58356.86
V0093,RoRo,MDO,32586.6,0.696,14.69,324.3,Calm,12706.8,22.08,15153.55,48642.89,10607.48
V0093,RoRo,MDO,11594.8,0.959,14.64,459.9,Moderate,6947.3,31.41,11510.9,36949.98,8057.63
V0093,RoRo,MDO,22398.8,0.848,16.87,327.3,Calm,15486.8,19.41,32458.94,104193.21,22721.26
V0093,RoRo,MDO,36275.3,0.423,15.94,287.2,Calm,16388.4,18.01,29042.47,93226.34,20329.73
V0093,RoRo,MDO,26469.4,0.997,19.79,89.4,Stormy,31713.1,4.52,7148.33,22946.12,5003.83
V0093,RoRo,MDO,35981.8,0.889,15.95,381.9,Stormy,19922.1,23.95,27571.45,88504.36,19300.02
V0093,RoRo,MDO,23890.8,0.469,20.56,360.8,Calm,26903.5,17.55,36463.15,117046.7,25524.2
V0093,RoRo,MDO,28763.9,0.638,18.16,458.3,Moderate,22671.8,25.24,52035.26,167033.17,36424.68
V0094,RoRo,MDO,26930.6,0.898,18.07,377.1,Moderate,22628.0,20.87,44085.56,141514.63,30859.89
V0094,RoRo,MDO,32648.6,0.83,18.11,83.6,Moderate,25532.2,4.62,10995.41,35295.25,7696.78
V0094,RoRo,MDO,33814.0,0.646,16.4,140.9,Calm,17939.0,8.59,10309.16,33092.39,7216.41
V0094,RoRo,MDO,35365.6,0.495,19.77,128.3,Calm,31252.6,6.49,13498.33,43329.63,9448.83
V0094,RoRo,MDO,17445.2,0.579,18.2,406.3,Moderate,16157.6,22.32,54367.95,174521.12,38057.56
V0094,RoRo,MDO,29600.9,0.708,18.4,93.4,Stormy,25825.3,5.08,14951.13,47993.13,10465.79
V0094,RoRo,MDO,15953.2,0.74,17.02,199.8,Calm,12394.0,11.74,13745.0,44121.45,9621.5
V0094,RoRo,MDO,36675.9,0.871,21.53,148.8,Calm,44968.0,6.91,51631.03,165735.62,36141.72
V0094,RoRo,MDO,35908.0,0.892,14.19,163.1,Calm,12747.4,11.49,13991.57,44912.93,9794.1
V0094,RoRo,MDO,25411.6,0.418,18.44,163.6,Moderate,20767.9,8.87,16360.27,52516.45,11452.19
V0095,RoRo,MDO,30190.8,0.477,16.66,421.8,Moderate,17426.1,25.32,53427.6,171502.59,37399.32
V0095,RoRo,MDO,29113.3,0.499,16.32,103.7,Calm,15450.5,6.36,5174.95,16611.6,3622.47
V0095,RoRo,MDO,28221.6,0.587,15.41,370.6,Calm,13015.9,24.05,30279.46,97197.07,21195.62
V0095,RoRo,MDO,33556.2,0.556,21.68,271.6,Calm,40376.7,12.53,47254.92,151688.3,33078.45
V0095,RoRo,MDO,35282.9,0.711,14.68,484.9,Moderate,13955.3,33.03,31072.82,99743.74,21750.97
V0095,RoRo,MDO,10826.4,0.718,20.22,102.5,Moderate,16612.3,5.07,6065.78,19471.17,4246.05
V0095,RoRo,MDO,34997.4,0.679,14.22,112.3,Moderate,12526.9,7.9,8111.05,26036.47,5677.73
V0095,RoRo,MDO,29062.9,0.977,18.99,181.5,Calm,26989.6,9.56,42513.14,136467.18,29759.2
V0095,RoRo,MDO,25870.3,0.879,16.18,168.9,Moderate,15753.2,10.44,12878.77,41340.86,9015.14
V0095,RoRo,MDO,36064.1,0.848,16.34,259.6,Calm,19354.2,15.88,29857.23,95841.69,20900.06
V0096,Container Ship,HFO,185685.9,0.995,22.17,444.9,Calm,2740430.1,20.06,3806894.73,11839442.6,2093792.1
V0096,Container Ship,HFO,88792.4,0.544,16.49,170.4,Moderate,650893.0,10.33,674429.75,2097476.52,370936.36
V0096,Container Ship,HFO,154565.3,0.489,22.36,361.7,Moderate,2316808.1,16.18,3053466.4,9496280.52,1679406.52
V0096,Container Ship,HFO,37082.2,0.621,16.64,75.7,Moderate,380229.4,4.55,176007.46,547383.19,96804.1
V0096,Container Ship,HFO,95935.9,0.658,18.56,256.1,Calm,963338.3,13.8,1114393.33,3465763.24,612916.33
V0096,Container Ship,HFO,133749.9,0.409,14.75,350.6,Calm,569967.3,23.77,1155153.58,3592527.63,635334.47
V0096,Container Ship,HFO,124536.3,0.864,17.1,362.5,Calm,938219.2,21.19,1552237.85,4827459.72,853730.82
V0096,Container Ship,HFO,147964.1,0.721,21.99,223.5,Calm,2170339.1,10.16,1177385.69,3661669.48,647562.13
V0096,Container Ship,HFO,214108.5,0.496,16.21,390.1,Calm,1056603.6,24.06,2125419.63,6610055.06,1168980.8
V0096,Container Ship,HFO,125165.1,0.8,19.39,422.3,Calm,1353801.7,21.78,3887030.08,12088663.54,2137866.54
V0097,Tanker,HFO,128954.2,0.813,15.7,267.5,Calm,40013.9,17.04,49129.66,152793.23,27021.31
V0097,Tanker,HFO,274684.9,0.89,13.43,219.3,Moderate,43837.9,16.33,88417.63,274978.82,48629.69
V0097,Tanker,HFO,250182.1,0.494,12.73,103.5,Moderate,32155.0,8.13,20035.09,62309.13,11019.3
V0097,Tanker,HFO,162133.7,0.914,13.93,434.4,Moderate,34601.1,31.18,101739.04,316408.43,55956.47
V0097,Tanker,HFO,218390.8,0.435,10.06,331.7,Calm,13737.9,32.97,35707.88,111051.5,19639.33
V0097,Tanker,HFO,251405.3,0.936,14.46,476.9,Stormy,55092.5,32.98,161324.36,501718.76,88728.4
V0097,Tanker,HFO,266555.3,0.47,15.03,442.0,Calm,52769.2,29.4,176965.64,550363.14,97331.1
V0097,Tanker,HFO,72802.3,0.412,12.21,255.2,Calm,11746.1,20.9,30221.14,93987.74,16621.63
V0097,Tanker,HFO,266080.7,0.656,15.47,178.1,Calm,60004.7,11.51,70062.92,217895.67,38534.6
V0097,Tanker,HFO,26539.8,0.633,14.68,498.5,Moderate,11391.6,33.97,36093.25,112250.0,19851.29
V0098,Tanker,HFO,163086.5,0.535,12.59,295.3,Moderate,23602.9,23.45,52562.32,163468.81,28909.27
V0098,Tanker,HFO,35512.0,0.932,10.81,306.7,Moderate,5885.9,28.39,15594.24,48498.08,8576.83
V0098,Tanker,HFO,135864.4,0.922,10.93,230.6,Calm,14289.3,21.11,19751.31,61426.58,10863.22
V0098,Tanker,HFO,87203.9,0.43,11.73,111.4,Stormy,12980.6,9.5,11608.89,36103.65,6384.89
V0098,Tanker,HFO,75322.0,0.615,14.87,285.6,Moderate,23634.3,19.21,30071.96,93523.8,16539.58
V0098,Tanker,HFO,260443.5,0.45,11.15,64.9,Moderate,21956.5,5.82,7770.87,24167.42,4273.98
V0098,Tanker,HFO,245103.7,0.838,12.95,158.7,Calm,34633.0,12.25,30207.46,93945.22,16614.11
V0098,Tanker,HFO,57032.2,0.625,13.7,323.1,Stormy,16284.4,23.59,29385.87,91390.05,16162.23
V0098,Tanker,HFO,172822.8,0.519,13.83,112.8,Moderate,32387.0,8.16,16222.55,50452.14,8922.4
V0098,Tanker,HFO,254669.4,0.478,12.58,485.0,Stormy,33045.6,38.56,189776.48,590204.86,104377.06
V0099,Bulk Carrier,MDO,33574.0,0.647,11.91,167.5,Stormy,10167.7,14.06,12628.93,40538.87,8840.25
V0099,Bulk Carrier,MDO,81872.9,0.434,10.66,438.4,Calm,11415.0,41.13,34103.39,109471.87,23872.37
V0099,Bulk Carrier,MDO,129903.7,0.547,11.71,79.8,Calm,21140.3,6.82,11913.15,38241.22,8339.21
V0099,Bulk Carrier,MDO,105568.3,0.835,10.58,179.4,Moderate,15067.3,16.95,22583.78,72493.92,15808.64
V0099,Bulk Carrier,MDO,72671.0,0.51,11.23,480.6,Calm,12570.3,42.78,35129.59,112765.98,24590.71
V0099,Bulk Carrier,MDO,50289.0,0.767,10.78,93.1,Moderate,9582.8,8.64,7405.93,23773.03,5184.15
V0099,Bulk Carrier,MDO,143728.0,0.883,11.63,463.3,Moderate,24819.3,39.83,63946.75,205269.06,44762.72
V0099,Bulk Carrier,MDO,77352.9,0.671,11.42,240.1,Calm,14260.6,21.04,30938.64,99313.02,21657.05
V0099,Bulk Carrier,MDO,20631.4,0.605,14.66,360.2,Moderate,12818.3,24.57,35175.07,112911.98,24622.55
V0099,Bulk Carrier,MDO,162652.1,0.607,13.26,321.1,Calm,36184.8,24.21,86857.74,278813.34,60800.42
